Img Val,Idx Room
/home/arvc/Marcos/TRIPLET_NETWORKS/DATASETS/FRIBURGO/Validacion/1PO-A/t1152904761.011886_x-9.775406_y3.124002_a-0.247536.jpeg,0
/home/arvc/Marcos/TRIPLET_NETWORKS/DATASETS/FRIBURGO/Validacion/1PO-A/t1152904754.891505_x-10.653892_y3.392050_a-0.689934.jpeg,0
/home/arvc/Marcos/TRIPLET_NETWORKS/DATASETS/FRIBURGO/Validacion/1PO-A/t1152904745.507017_x-11.225326_y4.120084_a0.995417.jpeg,0
/home/arvc/Marcos/TRIPLET_NETWORKS/DATASETS/FRIBURGO/Validacion/1PO-A/t1152904741.426662_x-11.390776_y3.819566_a2.032071.jpeg,0
/home/arvc/Marcos/TRIPLET_NETWORKS/DATASETS/FRIBURGO/Validacion/1PO-A/t1152904733.266154_x-10.057796_y3.105310_a3.077972.jpeg,0
/home/arvc/Marcos/TRIPLET_NETWORKS/DATASETS/FRIBURGO/Validacion/1PO-A/t1152904766.116227_x-9.054901_y2.940625_a-0.288229.jpeg,0
/home/arvc/Marcos/TRIPLET_NETWORKS/DATASETS/FRIBURGO/Validacion/1PO-A/t1152904738.366473_x-10.976996_y3.375949_a2.834587.jpeg,0
/home/arvc/Marcos/TRIPLET_NETWORKS/DATASETS/FRIBURGO/Validacion/1PO-A/t1152904768.156541_x-8.734631_y2.882047_a-0.202619.jpeg,0
/home/arvc/Marcos/TRIPLET_NETWORKS/DATASETS/FRIBURGO/Validacion/1PO-A/t1152904755.911606_x-10.476078_y3.304834_a-0.508471.jpeg,0
/home/arvc/Marcos/TRIPLET_NETWORKS/DATASETS/FRIBURGO/Validacion/1PO-A/t1152904752.851375_x-10.820993_y3.527438_a-0.671058.jpeg,0
/home/arvc/Marcos/TRIPLET_NETWORKS/DATASETS/FRIBURGO/Validacion/1PO-A/t1152904764.072077_x-9.331079_y3.015286_a-0.236479.jpeg,0
/home/arvc/Marcos/TRIPLET_NETWORKS/DATASETS/FRIBURGO/Validacion/1PO-A/t1152904756.931634_x-10.332224_y3.293338_a-0.302768.jpeg,0
/home/arvc/Marcos/TRIPLET_NETWORKS/DATASETS/FRIBURGO/Validacion/1PO-A/t1152904740.406599_x-11.334093_y3.616974_a2.436206.jpeg,0
/home/arvc/Marcos/TRIPLET_NETWORKS/DATASETS/FRIBURGO/Validacion/1PO-A/t1152904759.991825_x-9.927330_y3.161720_a-0.246792.jpeg,0
/home/arvc/Marcos/TRIPLET_NETWORKS/DATASETS/FRIBURGO/Validacion/1PO-A/t1152904743.466795_x-11.317594_y4.147658_a1.478021.jpeg,0
/home/arvc/Marcos/TRIPLET_NETWORKS/DATASETS/FRIBURGO/Validacion/1PO-A/t1152904739.386535_x-11.185947_y3.465652_a2.757509.jpeg,0
/home/arvc/Marcos/TRIPLET_NETWORKS/DATASETS/FRIBURGO/Validacion/1PO-A/t1152904732.246088_x-9.878952_y3.082599_a3.078652.jpeg,0
/home/arvc/Marcos/TRIPLET_NETWORKS/DATASETS/FRIBURGO/Validacion/1PO-A/t1152904725.105642_x-8.683734_y3.016513_a3.102190.jpeg,0
/home/arvc/Marcos/TRIPLET_NETWORKS/DATASETS/FRIBURGO/Validacion/1PO-A/t1152904736.326345_x-10.549716_y3.248643_a2.858122.jpeg,0
/home/arvc/Marcos/TRIPLET_NETWORKS/DATASETS/FRIBURGO/Validacion/1PO-A/t1152904753.871465_x-10.748426_y3.467834_a-0.690093.jpeg,0
/home/arvc/Marcos/TRIPLET_NETWORKS/DATASETS/FRIBURGO/Validacion/1PO-A/t1152904747.751058_x-11.163654_y3.899821_a-0.269824.jpeg,0
/home/arvc/Marcos/TRIPLET_NETWORKS/DATASETS/FRIBURGO/Validacion/1PO-A/t1152904746.526979_x-11.173755_y4.049775_a0.513725.jpeg,0
/home/arvc/Marcos/TRIPLET_NETWORKS/DATASETS/FRIBURGO/Validacion/1PO-A/t1152904737.346602_x-10.762336_y3.322705_a2.846581.jpeg,0
/home/arvc/Marcos/TRIPLET_NETWORKS/DATASETS/FRIBURGO/Validacion/1PO-A/t1152904735.306279_x-10.404330_y3.212807_a2.854428.jpeg,0
/home/arvc/Marcos/TRIPLET_NETWORKS/DATASETS/FRIBURGO/Validacion/1PO-A/t1152904734.286216_x-10.209871_y3.141344_a2.955442.jpeg,0
/home/arvc/Marcos/TRIPLET_NETWORKS/DATASETS/FRIBURGO/Validacion/1PO-A/t1152904751.831314_x-10.925989_y3.606051_a-0.684942.jpeg,0
/home/arvc/Marcos/TRIPLET_NETWORKS/DATASETS/FRIBURGO/Validacion/1PO-A/t1152904728.165838_x-9.191012_y3.035314_a3.095686.jpeg,0
/home/arvc/Marcos/TRIPLET_NETWORKS/DATASETS/FRIBURGO/Validacion/1PO-A/t1152904750.811381_x-11.041044_y3.694167_a-0.701668.jpeg,0
/home/arvc/Marcos/TRIPLET_NETWORKS/DATASETS/FRIBURGO/Validacion/1PO-A/t1152904762.031973_x-9.623899_y3.088108_a-0.239437.jpeg,0
/home/arvc/Marcos/TRIPLET_NETWORKS/DATASETS/FRIBURGO/Validacion/1PO-A/t1152904727.145769_x-9.004464_y3.006269_a3.103465.jpeg,0
/home/arvc/Marcos/TRIPLET_NETWORKS/DATASETS/FRIBURGO/Validacion/1PO-A/t1152904749.791206_x-11.147981_y3.783543_a-0.687187.jpeg,0
/home/arvc/Marcos/TRIPLET_NETWORKS/DATASETS/FRIBURGO/Validacion/1PO-A/t1152904731.226024_x-9.701757_y3.065542_a3.079302.jpeg,0
/home/arvc/Marcos/TRIPLET_NETWORKS/DATASETS/FRIBURGO/Validacion/1PO-A/t1152904744.486855_x-11.291564_y4.142115_a1.350387.jpeg,0
/home/arvc/Marcos/TRIPLET_NETWORKS/DATASETS/FRIBURGO/Validacion/1PO-A/t1152904726.125707_x-8.850157_y3.021105_a3.105579.jpeg,0
/home/arvc/Marcos/TRIPLET_NETWORKS/DATASETS/FRIBURGO/Validacion/1PO-A/t1152904729.186017_x-9.367362_y3.045305_a3.091394.jpeg,0
/home/arvc/Marcos/TRIPLET_NETWORKS/DATASETS/FRIBURGO/Validacion/1PO-A/t1152904767.136269_x-8.896641_y2.915729_a-0.210947.jpeg,0
/home/arvc/Marcos/TRIPLET_NETWORKS/DATASETS/FRIBURGO/Validacion/1PO-A/t1152904730.206062_x-9.536368_y3.051553_a3.100717.jpeg,0
/home/arvc/Marcos/TRIPLET_NETWORKS/DATASETS/FRIBURGO/Validacion/1PO-A/t1152904748.771121_x-11.192138_y3.832622_a-0.641061.jpeg,0
/home/arvc/Marcos/TRIPLET_NETWORKS/DATASETS/FRIBURGO/Validacion/1PO-A/t1152904742.446724_x-11.354054_y4.030110_a1.595385.jpeg,0
/home/arvc/Marcos/TRIPLET_NETWORKS/DATASETS/FRIBURGO/Validacion/1PO-A/t1152904757.951911_x-10.230608_y3.248564_a-0.307760.jpeg,0
/home/arvc/Marcos/TRIPLET_NETWORKS/DATASETS/FRIBURGO/Validacion/1PO-A/t1152904765.096141_x-9.187469_y2.994501_a-0.185022.jpeg,0
/home/arvc/Marcos/TRIPLET_NETWORKS/DATASETS/FRIBURGO/Validacion/1PO-A/t1152904763.052012_x-9.475081_y3.049435_a-0.247139.jpeg,0
/home/arvc/Marcos/TRIPLET_NETWORKS/DATASETS/FRIBURGO/Validacion/1PO-A/t1152904758.971757_x-10.077198_y3.193183_a-0.309055.jpeg,0
/home/arvc/Marcos/TRIPLET_NETWORKS/DATASETS/FRIBURGO/Validacion/2PO1-A/t1152904683.239028_x-5.762235_y-2.406452_a1.641562.jpeg,1
/home/arvc/Marcos/TRIPLET_NETWORKS/DATASETS/FRIBURGO/Validacion/2PO1-A/t1152904679.158769_x-5.714295_y-3.103579_a1.580421.jpeg,1
/home/arvc/Marcos/TRIPLET_NETWORKS/DATASETS/FRIBURGO/Validacion/2PO1-A/t1152904667.938070_x-5.623269_y-4.742769_a1.581103.jpeg,1
/home/arvc/Marcos/TRIPLET_NETWORKS/DATASETS/FRIBURGO/Validacion/2PO1-A/t1152904662.501921_x-5.429279_y-4.914426_a0.150539.jpeg,1
/home/arvc/Marcos/TRIPLET_NETWORKS/DATASETS/FRIBURGO/Validacion/2PO1-A/t1152904685.279152_x-5.780947_y-2.070110_a1.630119.jpeg,1
/home/arvc/Marcos/TRIPLET_NETWORKS/DATASETS/FRIBURGO/Validacion/2PO1-A/t1152904686.299216_x-5.789281_y-1.908902_a1.627144.jpeg,1
/home/arvc/Marcos/TRIPLET_NETWORKS/DATASETS/FRIBURGO/Validacion/2PO1-A/t1152904645.160647_x-5.849999_y-2.572117_a-1.584851.jpeg,1
/home/arvc/Marcos/TRIPLET_NETWORKS/DATASETS/FRIBURGO/Validacion/2PO1-A/t1152904665.693931_x-5.571854_y-4.752191_a1.304760.jpeg,1
/home/arvc/Marcos/TRIPLET_NETWORKS/DATASETS/FRIBURGO/Validacion/2PO1-A/t1152904661.481665_x-5.423686_y-4.986390_a-0.208034.jpeg,1
/home/arvc/Marcos/TRIPLET_NETWORKS/DATASETS/FRIBURGO/Validacion/2PO1-A/t1152904678.138706_x-5.706219_y-3.268857_a1.585820.jpeg,1
/home/arvc/Marcos/TRIPLET_NETWORKS/DATASETS/FRIBURGO/Validacion/2PO1-A/t1152904681.198899_x-5.739242_y-2.734067_a1.636808.jpeg,1
/home/arvc/Marcos/TRIPLET_NETWORKS/DATASETS/FRIBURGO/Validacion/2PO1-A/t1152904673.038388_x-5.682811_y-4.114812_a1.626542.jpeg,1
/home/arvc/Marcos/TRIPLET_NETWORKS/DATASETS/FRIBURGO/Validacion/2PO1-A/t1152904642.100453_x-5.845346_y-1.959613_a-1.638548.jpeg,1
/home/arvc/Marcos/TRIPLET_NETWORKS/DATASETS/FRIBURGO/Validacion/2PO1-A/t1152904657.401409_x-5.595306_y-5.136841_a-1.436722.jpeg,1
/home/arvc/Marcos/TRIPLET_NETWORKS/DATASETS/FRIBURGO/Validacion/2PO1-A/t1152904648.220838_x-5.839869_y-3.195589_a-1.480552.jpeg,1
/home/arvc/Marcos/TRIPLET_NETWORKS/DATASETS/FRIBURGO/Validacion/2PO1-A/t1152904670.998259_x-5.666106_y-4.408081_a1.655305.jpeg,1
/home/arvc/Marcos/TRIPLET_NETWORKS/DATASETS/FRIBURGO/Validacion/2PO1-A/t1152904650.260963_x-5.797222_y-3.626333_a-1.476083.jpeg,1
/home/arvc/Marcos/TRIPLET_NETWORKS/DATASETS/FRIBURGO/Validacion/2PO1-A/t1152904687.319463_x-5.799196_y-1.723858_a1.625388.jpeg,1
/home/arvc/Marcos/TRIPLET_NETWORKS/DATASETS/FRIBURGO/Validacion/2PO1-A/t1152904647.200773_x-5.863461_y-2.986426_a-1.595335.jpeg,1
/home/arvc/Marcos/TRIPLET_NETWORKS/DATASETS/FRIBURGO/Validacion/2PO1-A/t1152904672.018325_x-5.675674_y-4.260293_a1.642987.jpeg,1
/home/arvc/Marcos/TRIPLET_NETWORKS/DATASETS/FRIBURGO/Validacion/2PO1-A/t1152904646.180919_x-5.850747_y-2.770807_a-1.586939.jpeg,1
/home/arvc/Marcos/TRIPLET_NETWORKS/DATASETS/FRIBURGO/Validacion/2PO1-A/t1152904680.178833_x-5.720143_y-2.934222_a1.580188.jpeg,1
/home/arvc/Marcos/TRIPLET_NETWORKS/DATASETS/FRIBURGO/Validacion/2PO1-A/t1152904651.281028_x-5.779162_y-3.853875_a-1.484422.jpeg,1
/home/arvc/Marcos/TRIPLET_NETWORKS/DATASETS/FRIBURGO/Validacion/2PO1-A/t1152904660.461601_x-5.448559_y-5.050878_a-0.558421.jpeg,1
/home/arvc/Marcos/TRIPLET_NETWORKS/DATASETS/FRIBURGO/Validacion/2PO1-A/t1152904644.140582_x-5.846587_y-2.332153_a-1.581783.jpeg,1
/home/arvc/Marcos/TRIPLET_NETWORKS/DATASETS/FRIBURGO/Validacion/2PO1-A/t1152904656.381347_x-5.609101_y-5.043541_a-1.432613.jpeg,1
/home/arvc/Marcos/TRIPLET_NETWORKS/DATASETS/FRIBURGO/Validacion/2PO1-A/t1152904668.958235_x-5.645706_y-4.649434_a1.662537.jpeg,1
/home/arvc/Marcos/TRIPLET_NETWORKS/DATASETS/FRIBURGO/Validacion/2PO1-A/t1152904655.361397_x-5.646169_y-4.794144_a-1.427526.jpeg,1
/home/arvc/Marcos/TRIPLET_NETWORKS/DATASETS/FRIBURGO/Validacion/2PO1-A/t1152904664.541857_x-5.501057_y-4.786064_a0.905755.jpeg,1
/home/arvc/Marcos/TRIPLET_NETWORKS/DATASETS/FRIBURGO/Validacion/2PO1-A/t1152904641.080391_x-5.827495_y-1.749876_a-1.648727.jpeg,1
/home/arvc/Marcos/TRIPLET_NETWORKS/DATASETS/FRIBURGO/Validacion/2PO1-A/t1152904658.421478_x-5.570797_y-5.135581_a-1.306931.jpeg,1
/home/arvc/Marcos/TRIPLET_NETWORKS/DATASETS/FRIBURGO/Validacion/2PO1-A/t1152904676.098580_x-5.700633_y-3.608741_a1.597312.jpeg,1
/home/arvc/Marcos/TRIPLET_NETWORKS/DATASETS/FRIBURGO/Validacion/2PO1-A/t1152904684.259088_x-5.771416_y-2.239831_a1.632665.jpeg,1
/home/arvc/Marcos/TRIPLET_NETWORKS/DATASETS/FRIBURGO/Validacion/2PO1-A/t1152904674.058449_x-5.688848_y-3.961653_a1.617681.jpeg,1
/home/arvc/Marcos/TRIPLET_NETWORKS/DATASETS/FRIBURGO/Validacion/2PO1-A/t1152904682.218961_x-5.748323_y-2.584225_a1.637153.jpeg,1
/home/arvc/Marcos/TRIPLET_NETWORKS/DATASETS/FRIBURGO/Validacion/2PO1-A/t1152904659.441537_x-5.502218_y-5.101534_a-0.922346.jpeg,1
/home/arvc/Marcos/TRIPLET_NETWORKS/DATASETS/FRIBURGO/Validacion/2PO1-A/t1152904643.120518_x-5.833426_y-2.166351_a-1.577848.jpeg,1
/home/arvc/Marcos/TRIPLET_NETWORKS/DATASETS/FRIBURGO/Validacion/2PO1-A/t1152904663.521795_x-5.454182_y-4.843933_a0.526400.jpeg,1
/home/arvc/Marcos/TRIPLET_NETWORKS/DATASETS/FRIBURGO/Validacion/2PO1-A/t1152904654.341217_x-5.700761_y-4.584775_a-1.463427.jpeg,1
/home/arvc/Marcos/TRIPLET_NETWORKS/DATASETS/FRIBURGO/Validacion/2PO1-A/t1152904649.240899_x-5.823658_y-3.391431_a-1.484684.jpeg,1
/home/arvc/Marcos/TRIPLET_NETWORKS/DATASETS/FRIBURGO/Validacion/2PO1-A/t1152904677.118660_x-5.702107_y-3.442889_a1.588720.jpeg,1
/home/arvc/Marcos/TRIPLET_NETWORKS/DATASETS/FRIBURGO/Validacion/2PO1-A/t1152904666.714183_x-5.622748_y-4.745197_a1.561978.jpeg,1
/home/arvc/Marcos/TRIPLET_NETWORKS/DATASETS/FRIBURGO/Validacion/2PO1-A/t1152904653.321155_x-5.727938_y-4.317912_a-1.482471.jpeg,1
/home/arvc/Marcos/TRIPLET_NETWORKS/DATASETS/FRIBURGO/Validacion/2PO1-A/t1152904652.301091_x-5.756319_y-4.097872_a-1.482189.jpeg,1
/home/arvc/Marcos/TRIPLET_NETWORKS/DATASETS/FRIBURGO/Validacion/2PO1-A/t1152904675.078516_x-5.694435_y-3.801963_a1.604990.jpeg,1
/home/arvc/Marcos/TRIPLET_NETWORKS/DATASETS/FRIBURGO/Validacion/2PO1-A/t1152904669.978408_x-5.656250_y-4.529782_a1.658131.jpeg,1
/home/arvc/Marcos/TRIPLET_NETWORKS/DATASETS/FRIBURGO/Validacion/2PO2-A/t1152904778.361004_x-7.686269_y2.222221_a-1.656765.jpeg,2
/home/arvc/Marcos/TRIPLET_NETWORKS/DATASETS/FRIBURGO/Validacion/2PO2-A/t1152904715.109272_x-7.557823_y2.166667_a1.510589.jpeg,2
/home/arvc/Marcos/TRIPLET_NETWORKS/DATASETS/FRIBURGO/Validacion/2PO2-A/t1152904783.665301_x-7.686792_y1.383473_a-1.578317.jpeg,2
/home/arvc/Marcos/TRIPLET_NETWORKS/DATASETS/FRIBURGO/Validacion/2PO2-A/t1152904774.276738_x-7.771423_y2.749868_a-0.034575.jpeg,2
/home/arvc/Marcos/TRIPLET_NETWORKS/DATASETS/FRIBURGO/Validacion/2PO2-A/t1152904780.401098_x-7.683002_y1.902343_a-1.574121.jpeg,2
/home/arvc/Marcos/TRIPLET_NETWORKS/DATASETS/FRIBURGO/Validacion/2PO2-A/t1152904719.189275_x-7.670163_y2.847714_a1.982578.jpeg,2
/home/arvc/Marcos/TRIPLET_NETWORKS/DATASETS/FRIBURGO/Validacion/2PO2-A/t1152904782.441246_x-7.685910_y1.599822_a-1.576326.jpeg,2
/home/arvc/Marcos/TRIPLET_NETWORKS/DATASETS/FRIBURGO/Validacion/2PO2-A/t1152904724.085579_x-8.518156_y3.012492_a3.085851.jpeg,2
/home/arvc/Marcos/TRIPLET_NETWORKS/DATASETS/FRIBURGO/Validacion/2PO2-A/t1152904713.885044_x-7.568758_y1.971961_a1.500356.jpeg,2
/home/arvc/Marcos/TRIPLET_NETWORKS/DATASETS/FRIBURGO/Validacion/2PO2-A/t1152904776.320842_x-7.588989_y2.542227_a-0.941260.jpeg,2
/home/arvc/Marcos/TRIPLET_NETWORKS/DATASETS/FRIBURGO/Validacion/2PO2-A/t1152904772.236587_x-8.080162_y2.763360_a-0.160075.jpeg,2
/home/arvc/Marcos/TRIPLET_NETWORKS/DATASETS/FRIBURGO/Validacion/2PO2-A/t1152904770.196484_x-8.402728_y2.810702_a-0.216032.jpeg,2
/home/arvc/Marcos/TRIPLET_NETWORKS/DATASETS/FRIBURGO/Validacion/2PO2-A/t1152904775.504790_x-7.602818_y2.692563_a-0.282152.jpeg,2
/home/arvc/Marcos/TRIPLET_NETWORKS/DATASETS/FRIBURGO/Validacion/2PO2-A/t1152904717.965200_x-7.562094_y2.662695_a1.523837.jpeg,2
/home/arvc/Marcos/TRIPLET_NETWORKS/DATASETS/FRIBURGO/Validacion/2PO2-A/t1152904711.028764_x-7.606796_y1.481151_a1.564072.jpeg,2
/home/arvc/Marcos/TRIPLET_NETWORKS/DATASETS/FRIBURGO/Validacion/2PO2-A/t1152904723.269530_x-8.373082_y3.010562_a3.020550.jpeg,2
/home/arvc/Marcos/TRIPLET_NETWORKS/DATASETS/FRIBURGO/Validacion/2PO2-A/t1152904709.804686_x-7.620771_y1.294824_a1.618651.jpeg,2
/home/arvc/Marcos/TRIPLET_NETWORKS/DATASETS/FRIBURGO/Validacion/2PO2-A/t1152904721.025386_x-7.968912_y2.948097_a2.738932.jpeg,2
/home/arvc/Marcos/TRIPLET_NETWORKS/DATASETS/FRIBURGO/Validacion/2PO2-A/t1152904715.925069_x-7.545774_y2.314515_a1.506344.jpeg,2
/home/arvc/Marcos/TRIPLET_NETWORKS/DATASETS/FRIBURGO/Validacion/2PO2-A/t1152904769.176397_x-8.570136_y2.846103_a-0.212288.jpeg,2
/home/arvc/Marcos/TRIPLET_NETWORKS/DATASETS/FRIBURGO/Validacion/2PO2-A/t1152904718.985261_x-7.646437_y2.833164_a1.898408.jpeg,2
/home/arvc/Marcos/TRIPLET_NETWORKS/DATASETS/FRIBURGO/Validacion/2PO2-A/t1152904771.420536_x-8.240574_y2.787316_a-0.181201.jpeg,2
/home/arvc/Marcos/TRIPLET_NETWORKS/DATASETS/FRIBURGO/Validacion/2PO2-A/t1152904708.784622_x-7.641505_y1.114025_a1.861719.jpeg,2
/home/arvc/Marcos/TRIPLET_NETWORKS/DATASETS/FRIBURGO/Validacion/2PO2-A/t1152904779.381034_x-7.689037_y2.063727_a-1.612466.jpeg,2
/home/arvc/Marcos/TRIPLET_NETWORKS/DATASETS/FRIBURGO/Validacion/2PO2-A/t1152904771.216524_x-8.262721_y2.785114_a-0.188171.jpeg,2
/home/arvc/Marcos/TRIPLET_NETWORKS/DATASETS/FRIBURGO/Validacion/2PO2-A/t1152904723.065519_x-8.336123_y3.007345_a3.014555.jpeg,2
/home/arvc/Marcos/TRIPLET_NETWORKS/DATASETS/FRIBURGO/Validacion/2PO2-A/t1152904712.864881_x-7.583868_y1.783620_a1.508008.jpeg,2
/home/arvc/Marcos/TRIPLET_NETWORKS/DATASETS/FRIBURGO/Validacion/2PO2-A/t1152904722.045637_x-8.134267_y3.020225_a2.734818.jpeg,2
/home/arvc/Marcos/TRIPLET_NETWORKS/DATASETS/FRIBURGO/Validacion/2PO2-A/t1152904775.300779_x-7.619876_y2.707586_a-0.241620.jpeg,2
/home/arvc/Marcos/TRIPLET_NETWORKS/DATASETS/FRIBURGO/Validacion/2PO2-A/t1152904779.585046_x-7.687319_y2.031831_a-1.609490.jpeg,2
/home/arvc/Marcos/TRIPLET_NETWORKS/DATASETS/FRIBURGO/Validacion/2PO2-A/t1152904784.481353_x-7.687778_y1.238534_a-1.588455.jpeg,2
/home/arvc/Marcos/TRIPLET_NETWORKS/DATASETS/FRIBURGO/Validacion/2PO2-A/t1152904711.844815_x-7.599512_y1.621111_a1.532977.jpeg,2
/home/arvc/Marcos/TRIPLET_NETWORKS/DATASETS/FRIBURGO/Validacion/2PO2-A/t1152904710.824752_x-7.611523_y1.444566_a1.567441.jpeg,2
/home/arvc/Marcos/TRIPLET_NETWORKS/DATASETS/FRIBURGO/Validacion/2PO2-A/t1152904777.340908_x-7.639344_y2.355216_a-1.442845.jpeg,2
/home/arvc/Marcos/TRIPLET_NETWORKS/DATASETS/FRIBURGO/Validacion/2PO2-A/t1152904716.945131_x-7.559305_y2.504611_a1.500169.jpeg,2
/home/arvc/Marcos/TRIPLET_NETWORKS/DATASETS/FRIBURGO/Validacion/2PO2-A/t1152904781.421162_x-7.682854_y1.733116_a-1.569766.jpeg,2
/home/arvc/Marcos/TRIPLET_NETWORKS/DATASETS/FRIBURGO/Validacion/2PO2-A/t1152904714.905004_x-7.559471_y2.140565_a1.508769.jpeg,2
/home/arvc/Marcos/TRIPLET_NETWORKS/DATASETS/FRIBURGO/Validacion/2PO2-A/t1152904720.005423_x-7.794963_y2.937322_a2.283273.jpeg,2
/home/arvc/Marcos/TRIPLET_NETWORKS/DATASETS/FRIBURGO/Validacion/2PO2-A/t1152904783.461302_x-7.686461_y1.420927_a-1.575034.jpeg,2
/home/arvc/Marcos/TRIPLET_NETWORKS/DATASETS/FRIBURGO/Validacion/2PO2-A/t1152904773.256650_x-7.912617_y2.739598_a-0.115034.jpeg,2
/home/arvc/Marcos/TRIPLET_NETWORKS/DATASETS/FRIBURGO/Validacion/CR-A/t1152904879.011260_x-14.221956_y-0.299869_a-3.140388.jpeg,3
/home/arvc/Marcos/TRIPLET_NETWORKS/DATASETS/FRIBURGO/Validacion/CR-A/t1152904701.644175_x-6.972673_y0.124185_a2.627352.jpeg,3
/home/arvc/Marcos/TRIPLET_NETWORKS/DATASETS/FRIBURGO/Validacion/CR-A/t1152904459.357053_x0.200412_y0.000343_a0.003527.jpeg,3
/home/arvc/Marcos/TRIPLET_NETWORKS/DATASETS/FRIBURGO/Validacion/CR-A/t1152904619.651149_x-2.837474_y-0.173496_a3.087030.jpeg,3
/home/arvc/Marcos/TRIPLET_NETWORKS/DATASETS/FRIBURGO/Validacion/CR-A/t1152904570.684113_x1.196060_y-1.499092_a-1.932259.jpeg,3
/home/arvc/Marcos/TRIPLET_NETWORKS/DATASETS/FRIBURGO/Validacion/CR-A/t1152904962.876500_x-15.115050_y-1.287603_a1.631876.jpeg,3
/home/arvc/Marcos/TRIPLET_NETWORKS/DATASETS/FRIBURGO/Validacion/CR-A/t1152905004.907312_x-7.120581_y-0.511563_a0.037496.jpeg,3
/home/arvc/Marcos/TRIPLET_NETWORKS/DATASETS/FRIBURGO/Validacion/CR-A/t1152904628.835625_x-4.964067_y-0.003339_a3.075353.jpeg,3
/home/arvc/Marcos/TRIPLET_NETWORKS/DATASETS/FRIBURGO/Validacion/CR-A/t1152904786.521505_x-7.699223_y0.903716_a-1.594552.jpeg,3
/home/arvc/Marcos/TRIPLET_NETWORKS/DATASETS/FRIBURGO/Validacion/CR-A/t1152904976.145331_x-13.698682_y-0.325587_a-0.103407.jpeg,3
/home/arvc/Marcos/TRIPLET_NETWORKS/DATASETS/FRIBURGO/Validacion/CR-A/t1152904474.657989_x2.596792_y-0.202225_a-0.063617.jpeg,3
/home/arvc/Marcos/TRIPLET_NETWORKS/DATASETS/FRIBURGO/Validacion/CR-A/t1152905029.564668_x-1.515906_y0.113123_a0.051224.jpeg,3
/home/arvc/Marcos/TRIPLET_NETWORKS/DATASETS/FRIBURGO/Validacion/CR-A/t1152905027.524541_x-2.117277_y0.097283_a0.062538.jpeg,3
/home/arvc/Marcos/TRIPLET_NETWORKS/DATASETS/FRIBURGO/Validacion/CR-A/t1152904640.060326_x-5.796054_y-1.505297_a-1.678706.jpeg,3
/home/arvc/Marcos/TRIPLET_NETWORKS/DATASETS/FRIBURGO/Validacion/CR-A/t1152904864.730565_x-10.922264_y-0.448692_a3.106400.jpeg,3
/home/arvc/Marcos/TRIPLET_NETWORKS/DATASETS/FRIBURGO/Validacion/CR-A/t1152904995.534543_x-9.302514_y-0.610061_a0.006427.jpeg,3
/home/arvc/Marcos/TRIPLET_NETWORKS/DATASETS/FRIBURGO/Validacion/CR-A/t1152904871.870815_x-12.581645_y-0.334006_a3.059250.jpeg,3
/home/arvc/Marcos/TRIPLET_NETWORKS/DATASETS/FRIBURGO/Validacion/CR-A/t1152904467.517564_x1.380373_y-0.103977_a-0.070335.jpeg,3
/home/arvc/Marcos/TRIPLET_NETWORKS/DATASETS/FRIBURGO/Validacion/CR-A/t1152904627.811562_x-4.708967_y-0.031185_a3.076243.jpeg,3
/home/arvc/Marcos/TRIPLET_NETWORKS/DATASETS/FRIBURGO/Validacion/CR-A/t1152904994.514480_x-9.545301_y-0.605300_a0.007761.jpeg,3
/home/arvc/Marcos/TRIPLET_NETWORKS/DATASETS/FRIBURGO/Validacion/CR-A/t1152904615.570796_x-1.733863_y-0.256575_a3.038472.jpeg,3
/home/arvc/Marcos/TRIPLET_NETWORKS/DATASETS/FRIBURGO/Validacion/CR-A/t1152904965.940693_x-15.125102_y-0.757781_a1.612743.jpeg,3
/home/arvc/Marcos/TRIPLET_NETWORKS/DATASETS/FRIBURGO/Validacion/CR-A/t1152904600.269939_x1.271414_y-1.165031_a1.502544.jpeg,3
/home/arvc/Marcos/TRIPLET_NETWORKS/DATASETS/FRIBURGO/Validacion/CR-A/t1152904546.202653_x2.975911_y-0.100707_a3.017500.jpeg,3
/home/arvc/Marcos/TRIPLET_NETWORKS/DATASETS/FRIBURGO/Validacion/CR-A/t1152904693.483668_x-5.876367_y-0.716379_a1.770358.jpeg,3
/home/arvc/Marcos/TRIPLET_NETWORKS/DATASETS/FRIBURGO/Validacion/CR-A/t1152904972.061075_x-14.501615_y-0.230256_a-0.176363.jpeg,3
/home/arvc/Marcos/TRIPLET_NETWORKS/DATASETS/FRIBURGO/Validacion/CR-A/t1152905002.867098_x-7.591531_y-0.541828_a0.029119.jpeg,3
/home/arvc/Marcos/TRIPLET_NETWORKS/DATASETS/FRIBURGO/Validacion/CR-A/t1152904469.557671_x1.720448_y-0.137217_a-0.075863.jpeg,3
/home/arvc/Marcos/TRIPLET_NETWORKS/DATASETS/FRIBURGO/Validacion/CR-A/t1152904470.577736_x1.900260_y-0.152138_a-0.090669.jpeg,3
/home/arvc/Marcos/TRIPLET_NETWORKS/DATASETS/FRIBURGO/Validacion/CR-A/t1152904706.744495_x-7.547413_y0.766435_a2.127506.jpeg,3
/home/arvc/Marcos/TRIPLET_NETWORKS/DATASETS/FRIBURGO/Validacion/CR-A/t1152905005.927193_x-6.866281_y-0.501016_a0.025688.jpeg,3
/home/arvc/Marcos/TRIPLET_NETWORKS/DATASETS/FRIBURGO/Validacion/CR-A/t1152904882.071453_x-14.898294_y-0.390195_a-2.839389.jpeg,3
/home/arvc/Marcos/TRIPLET_NETWORKS/DATASETS/FRIBURGO/Validacion/CR-A/t1152904634.956007_x-5.736911_y-0.403521_a-2.145337.jpeg,3
/home/arvc/Marcos/TRIPLET_NETWORKS/DATASETS/FRIBURGO/Validacion/CR-A/t1152905017.147897_x-4.515998_y-0.396885_a0.309911.jpeg,3
/home/arvc/Marcos/TRIPLET_NETWORKS/DATASETS/FRIBURGO/Validacion/CR-A/t1152904565.583868_x1.670817_y-0.719942_a-2.363191.jpeg,3
/home/arvc/Marcos/TRIPLET_NETWORKS/DATASETS/FRIBURGO/Validacion/CR-A/t1152904558.443229_x2.412987_y-0.032557_a3.020420.jpeg,3
/home/arvc/Marcos/TRIPLET_NETWORKS/DATASETS/FRIBURGO/Validacion/CR-A/t1152904603.330031_x1.020232_y-0.617721_a2.444709.jpeg,3
/home/arvc/Marcos/TRIPLET_NETWORKS/DATASETS/FRIBURGO/Validacion/CR-A/t1152904799.782315_x-9.070861_y-0.779145_a-2.184530.jpeg,3
/home/arvc/Marcos/TRIPLET_NETWORKS/DATASETS/FRIBURGO/Validacion/CR-A/t1152905023.444286_x-3.065785_y0.012038_a0.274272.jpeg,3
/home/arvc/Marcos/TRIPLET_NETWORKS/DATASETS/FRIBURGO/Validacion/CR-A/t1152904692.463603_x-5.834276_y-0.858661_a1.694289.jpeg,3
/home/arvc/Marcos/TRIPLET_NETWORKS/DATASETS/FRIBURGO/Validacion/CR-A/t1152904632.915881_x-5.516105_y-0.099271_a-2.833291.jpeg,3
/home/arvc/Marcos/TRIPLET_NETWORKS/DATASETS/FRIBURGO/Validacion/CR-A/t1152904983.285876_x-12.145723_y-0.411296_a-0.058176.jpeg,3
/home/arvc/Marcos/TRIPLET_NETWORKS/DATASETS/FRIBURGO/Validacion/CR-A/t1152904998.594735_x-8.598406_y-0.562950_a0.069519.jpeg,3
/home/arvc/Marcos/TRIPLET_NETWORKS/DATASETS/FRIBURGO/Validacion/CR-A/t1152904694.503727_x-5.903538_y-0.562829_a1.771704.jpeg,3
/home/arvc/Marcos/TRIPLET_NETWORKS/DATASETS/FRIBURGO/Validacion/CR-A/t1152904540.566107_x3.847408_y-0.187241_a3.044587.jpeg,3
/home/arvc/Marcos/TRIPLET_NETWORKS/DATASETS/FRIBURGO/Validacion/CR-A/t1152904856.569859_x-8.998608_y-0.513492_a2.283084.jpeg,3
/home/arvc/Marcos/TRIPLET_NETWORKS/DATASETS/FRIBURGO/Validacion/CR-A/t1152904633.935948_x-5.664669_y-0.220412_a-2.538878.jpeg,3
/home/arvc/Marcos/TRIPLET_NETWORKS/DATASETS/FRIBURGO/Validacion/CR-A/t1152904553.342912_x2.688129_y-0.062098_a3.005596.jpeg,3
/home/arvc/Marcos/TRIPLET_NETWORKS/DATASETS/FRIBURGO/Validacion/CR-A/t1152904462.417432_x0.522159_y-0.027854_a0.000307.jpeg,3
/home/arvc/Marcos/TRIPLET_NETWORKS/DATASETS/FRIBURGO/Validacion/CR-A/t1152904993.494421_x-9.800485_y-0.608848_a-0.008009.jpeg,3
/home/arvc/Marcos/TRIPLET_NETWORKS/DATASETS/FRIBURGO/Validacion/CR-A/t1152904599.249776_x1.231693_y-1.370451_a1.502214.jpeg,3
/home/arvc/Marcos/TRIPLET_NETWORKS/DATASETS/FRIBURGO/Validacion/CR-A/t1152904883.091517_x-15.037370_y-0.591399_a-2.340221.jpeg,3
/home/arvc/Marcos/TRIPLET_NETWORKS/DATASETS/FRIBURGO/Validacion/CR-A/t1152904611.490641_x-0.780733_y-0.345711_a2.997994.jpeg,3
/home/arvc/Marcos/TRIPLET_NETWORKS/DATASETS/FRIBURGO/Validacion/CR-A/t1152904862.690241_x-10.441239_y-0.473611_a3.112643.jpeg,3
/home/arvc/Marcos/TRIPLET_NETWORKS/DATASETS/FRIBURGO/Validacion/CR-A/t1152904881.051390_x-14.705133_y-0.326534_a-3.001023.jpeg,3
/home/arvc/Marcos/TRIPLET_NETWORKS/DATASETS/FRIBURGO/Validacion/CR-A/t1152904870.850756_x-12.339756_y-0.358695_a3.063308.jpeg,3
/home/arvc/Marcos/TRIPLET_NETWORKS/DATASETS/FRIBURGO/Validacion/CR-A/t1152904857.590021_x-9.252284_y-0.444101_a2.799872.jpeg,3
/home/arvc/Marcos/TRIPLET_NETWORKS/DATASETS/FRIBURGO/Validacion/CR-A/t1152904464.457354_x0.863292_y-0.070083_a-0.049840.jpeg,3
/home/arvc/Marcos/TRIPLET_NETWORKS/DATASETS/FRIBURGO/Validacion/CR-A/t1152904793.661926_x-8.356177_y-0.056795_a-2.382761.jpeg,3
/home/arvc/Marcos/TRIPLET_NETWORKS/DATASETS/FRIBURGO/Validacion/CR-A/t1152904964.920629_x-15.119061_y-0.919178_a1.601222.jpeg,3
/home/arvc/Marcos/TRIPLET_NETWORKS/DATASETS/FRIBURGO/Validacion/CR-A/t1152904609.450527_x-0.311991_y-0.402789_a2.929040.jpeg,3
/home/arvc/Marcos/TRIPLET_NETWORKS/DATASETS/FRIBURGO/Validacion/CR-A/t1152904554.362970_x2.679187_y-0.061713_a3.005582.jpeg,3
/home/arvc/Marcos/TRIPLET_NETWORKS/DATASETS/FRIBURGO/Validacion/CR-A/t1152904563.543548_x1.850975_y-0.513381_a-2.474187.jpeg,3
/home/arvc/Marcos/TRIPLET_NETWORKS/DATASETS/FRIBURGO/Validacion/CR-A/t1152904999.806810_x-8.302903_y-0.540826_a0.046538.jpeg,3
/home/arvc/Marcos/TRIPLET_NETWORKS/DATASETS/FRIBURGO/Validacion/CR-A/t1152904861.670176_x-10.193012_y-0.482232_a3.112516.jpeg,3
/home/arvc/Marcos/TRIPLET_NETWORKS/DATASETS/FRIBURGO/Validacion/CR-A/t1152904689.403409_x-5.804991_y-1.382353_a1.599505.jpeg,3
/home/arvc/Marcos/TRIPLET_NETWORKS/DATASETS/FRIBURGO/Validacion/CR-A/t1152904852.489603_x-8.790535_y-1.380705_a1.526263.jpeg,3
/home/arvc/Marcos/TRIPLET_NETWORKS/DATASETS/FRIBURGO/Validacion/CR-A/t1152904704.704560_x-7.394313_y0.504213_a2.334825.jpeg,3
/home/arvc/Marcos/TRIPLET_NETWORKS/DATASETS/FRIBURGO/Validacion/CR-A/t1152904564.563609_x1.748421_y-0.638770_a-2.366587.jpeg,3
/home/arvc/Marcos/TRIPLET_NETWORKS/DATASETS/FRIBURGO/Validacion/CR-A/t1152904471.598011_x2.067948_y-0.170538_a-0.086016.jpeg,3
/home/arvc/Marcos/TRIPLET_NETWORKS/DATASETS/FRIBURGO/Validacion/CR-A/t1152905006.947263_x-6.628740_y-0.479767_a0.115868.jpeg,3
/home/arvc/Marcos/TRIPLET_NETWORKS/DATASETS/FRIBURGO/Validacion/CR-A/t1152904688.383661_x-5.804374_y-1.553269_a1.614456.jpeg,3
/home/arvc/Marcos/TRIPLET_NETWORKS/DATASETS/FRIBURGO/Validacion/CR-A/t1152905008.987383_x-6.145374_y-0.421235_a0.116806.jpeg,3
/home/arvc/Marcos/TRIPLET_NETWORKS/DATASETS/FRIBURGO/Validacion/CR-A/t1152904624.751370_x-4.078322_y-0.087352_a3.058012.jpeg,3
/home/arvc/Marcos/TRIPLET_NETWORKS/DATASETS/FRIBURGO/Validacion/CR-A/t1152904549.262651_x2.726902_y-0.064001_a3.005002.jpeg,3
/home/arvc/Marcos/TRIPLET_NETWORKS/DATASETS/FRIBURGO/Validacion/CR-A/t1152904630.875752_x-5.383015_y0.018950_a3.103089.jpeg,3
/home/arvc/Marcos/TRIPLET_NETWORKS/DATASETS/FRIBURGO/Validacion/CR-A/t1152904617.610925_x-2.285448_y-0.195617_a3.033995.jpeg,3
/home/arvc/Marcos/TRIPLET_NETWORKS/DATASETS/FRIBURGO/Validacion/CR-A/t1152904479.758334_x3.439079_y-0.275794_a-0.068143.jpeg,3
/home/arvc/Marcos/TRIPLET_NETWORKS/DATASETS/FRIBURGO/Validacion/CR-A/t1152904631.895816_x-5.361101_y-0.037506_a-2.995823.jpeg,3
/home/arvc/Marcos/TRIPLET_NETWORKS/DATASETS/FRIBURGO/Validacion/CR-A/t1152904791.621798_x-8.104104_y0.189390_a-2.230293.jpeg,3
/home/arvc/Marcos/TRIPLET_NETWORKS/DATASETS/FRIBURGO/Validacion/CR-A/t1152905030.584734_x-1.326842_y0.121349_a0.058951.jpeg,3
/home/arvc/Marcos/TRIPLET_NETWORKS/DATASETS/FRIBURGO/Validacion/CR-A/t1152904616.590859_x-1.986190_y-0.231098_a3.035982.jpeg,3
/home/arvc/Marcos/TRIPLET_NETWORKS/DATASETS/FRIBURGO/Validacion/CR-A/t1152904569.663926_x1.271003_y-1.290383_a-1.992748.jpeg,3
/home/arvc/Marcos/TRIPLET_NETWORKS/DATASETS/FRIBURGO/Validacion/CR-A/t1152904707.764563_x-7.602506_y0.946303_a1.929610.jpeg,3
/home/arvc/Marcos/TRIPLET_NETWORKS/DATASETS/FRIBURGO/Validacion/CR-A/t1152904873.910983_x-13.040030_y-0.329407_a3.094377.jpeg,3
/home/arvc/Marcos/TRIPLET_NETWORKS/DATASETS/FRIBURGO/Validacion/CR-A/t1152904860.650113_x-9.961994_y-0.494556_a-3.118887.jpeg,3
/home/arvc/Marcos/TRIPLET_NETWORKS/DATASETS/FRIBURGO/Validacion/CR-A/t1152904639.040263_x-5.764611_y-1.282440_a-1.634969.jpeg,3
/home/arvc/Marcos/TRIPLET_NETWORKS/DATASETS/FRIBURGO/Validacion/CR-A/t1152904559.463290_x2.271288_y-0.102882_a-2.876086.jpeg,3
/home/arvc/Marcos/TRIPLET_NETWORKS/DATASETS/FRIBURGO/Validacion/CR-A/t1152904869.830687_x-12.096958_y-0.381095_a3.066337.jpeg,3
/home/arvc/Marcos/TRIPLET_NETWORKS/DATASETS/FRIBURGO/Validacion/CR-A/t1152904986.349968_x-11.568325_y-0.477266_a-0.074646.jpeg,3
/home/arvc/Marcos/TRIPLET_NETWORKS/DATASETS/FRIBURGO/Validacion/CR-A/t1152904981.245748_x-12.571373_y-0.393511_a-0.040501.jpeg,3
/home/arvc/Marcos/TRIPLET_NETWORKS/DATASETS/FRIBURGO/Validacion/CR-A/t1152904602.310023_x1.257168_y-0.766025_a1.738195.jpeg,3
/home/arvc/Marcos/TRIPLET_NETWORKS/DATASETS/FRIBURGO/Validacion/CR-A/t1152904613.530673_x-1.258413_y-0.297270_a3.058622.jpeg,3
/home/arvc/Marcos/TRIPLET_NETWORKS/DATASETS/FRIBURGO/Validacion/CR-A/t1152904614.550752_x-1.491455_y-0.276610_a3.048666.jpeg,3
/home/arvc/Marcos/TRIPLET_NETWORKS/DATASETS/FRIBURGO/Validacion/CR-A/t1152904622.711279_x-3.587988_y-0.128737_a3.068154.jpeg,3
/home/arvc/Marcos/TRIPLET_NETWORKS/DATASETS/FRIBURGO/Validacion/CR-A/t1152904468.537608_x1.566523_y-0.123200_a-0.068779.jpeg,3
/home/arvc/Marcos/TRIPLET_NETWORKS/DATASETS/FRIBURGO/Validacion/CR-A/t1152904608.430356_x-0.102307_y-0.444810_a2.925259.jpeg,3
/home/arvc/Marcos/TRIPLET_NETWORKS/DATASETS/FRIBURGO/Validacion/CR-A/t1152904982.265713_x-12.362888_y-0.394623_a-0.046403.jpeg,3
/home/arvc/Marcos/TRIPLET_NETWORKS/DATASETS/FRIBURGO/Validacion/CR-A/t1152904980.225594_x-12.767365_y-0.394337_a-0.022279.jpeg,3
/home/arvc/Marcos/TRIPLET_NETWORKS/DATASETS/FRIBURGO/Validacion/CR-A/t1152904788.561609_x-7.813387_y0.586390_a-1.958866.jpeg,3
/home/arvc/Marcos/TRIPLET_NETWORKS/DATASETS/FRIBURGO/Validacion/CR-A/t1152904461.397160_x0.393683_y-0.005322_a0.002169.jpeg,3
/home/arvc/Marcos/TRIPLET_NETWORKS/DATASETS/FRIBURGO/Validacion/CR-A/t1152904970.020951_x-14.896087_y-0.153871_a0.810337.jpeg,3
/home/arvc/Marcos/TRIPLET_NETWORKS/DATASETS/FRIBURGO/Validacion/CR-A/t1152904989.410161_x-10.888420_y-0.557773_a-0.084144.jpeg,3
/home/arvc/Marcos/TRIPLET_NETWORKS/DATASETS/FRIBURGO/Validacion/CR-A/t1152904974.105203_x-14.162332_y-0.266166_a-0.099976.jpeg,3
/home/arvc/Marcos/TRIPLET_NETWORKS/DATASETS/FRIBURGO/Validacion/CR-A/t1152904699.604050_x-6.635358_y-0.050397_a2.634186.jpeg,3
/home/arvc/Marcos/TRIPLET_NETWORKS/DATASETS/FRIBURGO/Validacion/CR-A/t1152904801.822436_x-9.033067_y-1.171782_a-1.472621.jpeg,3
/home/arvc/Marcos/TRIPLET_NETWORKS/DATASETS/FRIBURGO/Validacion/CR-A/t1152904868.810623_x-11.878519_y-0.383178_a3.071144.jpeg,3
/home/arvc/Marcos/TRIPLET_NETWORKS/DATASETS/FRIBURGO/Validacion/CR-A/t1152904691.443540_x-5.796195_y-1.037329_a1.616840.jpeg,3
/home/arvc/Marcos/TRIPLET_NETWORKS/DATASETS/FRIBURGO/Validacion/CR-A/t1152904463.437312_x0.703082_y-0.053017_a-0.055168.jpeg,3
/home/arvc/Marcos/TRIPLET_NETWORKS/DATASETS/FRIBURGO/Validacion/CR-A/t1152905018.167959_x-4.304020_y-0.329266_a0.307808.jpeg,3
/home/arvc/Marcos/TRIPLET_NETWORKS/DATASETS/FRIBURGO/Validacion/CR-A/t1152904796.722121_x-8.720941_y-0.396179_a-2.393612.jpeg,3
/home/arvc/Marcos/TRIPLET_NETWORKS/DATASETS/FRIBURGO/Validacion/CR-A/t1152905033.796339_x-0.511824_y0.158556_a0.035547.jpeg,3
/home/arvc/Marcos/TRIPLET_NETWORKS/DATASETS/FRIBURGO/Validacion/CR-A/t1152904973.081140_x-14.339515_y-0.244961_a-0.107271.jpeg,3
/home/arvc/Marcos/TRIPLET_NETWORKS/DATASETS/FRIBURGO/Validacion/CR-A/t1152904703.684543_x-7.271400_y0.354100_a2.476078.jpeg,3
/home/arvc/Marcos/TRIPLET_NETWORKS/DATASETS/FRIBURGO/Validacion/CR-A/t1152904991.450287_x-10.286685_y-0.597296_a-0.098211.jpeg,3
/home/arvc/Marcos/TRIPLET_NETWORKS/DATASETS/FRIBURGO/Validacion/CR-A/t1152905007.967319_x-6.404682_y-0.451501_a0.113829.jpeg,3
/home/arvc/Marcos/TRIPLET_NETWORKS/DATASETS/FRIBURGO/Validacion/CR-A/t1152904460.377097_x0.284132_y-0.001102_a0.006991.jpeg,3
/home/arvc/Marcos/TRIPLET_NETWORKS/DATASETS/FRIBURGO/Validacion/CR-A/t1152904872.890878_x-12.802882_y-0.331614_a3.102069.jpeg,3
/home/arvc/Marcos/TRIPLET_NETWORKS/DATASETS/FRIBURGO/Validacion/CR-A/t1152904984.309900_x-11.992787_y-0.431243_a-0.056527.jpeg,3
/home/arvc/Marcos/TRIPLET_NETWORKS/DATASETS/FRIBURGO/Validacion/CR-A/t1152904855.549795_x-8.825062_y-0.660644_a1.832176.jpeg,3
/home/arvc/Marcos/TRIPLET_NETWORKS/DATASETS/FRIBURGO/Validacion/CR-A/t1152904988.390098_x-11.087156_y-0.542972_a-0.076423.jpeg,3
/home/arvc/Marcos/TRIPLET_NETWORKS/DATASETS/FRIBURGO/Validacion/CR-A/t1152904598.229715_x1.195881_y-1.598030_a1.510359.jpeg,3
/home/arvc/Marcos/TRIPLET_NETWORKS/DATASETS/FRIBURGO/Validacion/CR-A/t1152904607.410286_x0.124314_y-0.493673_a2.930030.jpeg,3
/home/arvc/Marcos/TRIPLET_NETWORKS/DATASETS/FRIBURGO/Validacion/CR-A/t1152905013.067639_x-5.371869_y-0.519857_a-0.266521.jpeg,3
/home/arvc/Marcos/TRIPLET_NETWORKS/DATASETS/FRIBURGO/Validacion/CR-A/t1152905020.208084_x-3.804543_y-0.187808_a0.299157.jpeg,3
/home/arvc/Marcos/TRIPLET_NETWORKS/DATASETS/FRIBURGO/Validacion/CR-A/t1152904884.111636_x-15.090814_y-0.851212_a-1.876061.jpeg,3
/home/arvc/Marcos/TRIPLET_NETWORKS/DATASETS/FRIBURGO/Validacion/CR-A/t1152904787.541543_x-7.703086_y0.740176_a-1.603607.jpeg,3
/home/arvc/Marcos/TRIPLET_NETWORKS/DATASETS/FRIBURGO/Validacion/CR-A/t1152904979.205522_x-12.991857_y-0.385308_a-0.016972.jpeg,3
/home/arvc/Marcos/TRIPLET_NETWORKS/DATASETS/FRIBURGO/Validacion/CR-A/t1152904977.165395_x-13.484876_y-0.351057_a-0.107542.jpeg,3
/home/arvc/Marcos/TRIPLET_NETWORKS/DATASETS/FRIBURGO/Validacion/CR-A/t1152904971.041012_x-14.682194_y-0.157585_a0.231153.jpeg,3
/home/arvc/Marcos/TRIPLET_NETWORKS/DATASETS/FRIBURGO/Validacion/CR-A/t1152904625.771433_x-4.281381_y-0.068486_a3.059490.jpeg,3
/home/arvc/Marcos/TRIPLET_NETWORKS/DATASETS/FRIBURGO/Validacion/CR-A/t1152904990.430222_x-10.542074_y-0.583475_a-0.090148.jpeg,3
/home/arvc/Marcos/TRIPLET_NETWORKS/DATASETS/FRIBURGO/Validacion/CR-A/t1152904472.617861_x2.248487_y-0.176232_a-0.068907.jpeg,3
/home/arvc/Marcos/TRIPLET_NETWORKS/DATASETS/FRIBURGO/Validacion/CR-A/t1152904996.554606_x-9.058800_y-0.606971_a0.052113.jpeg,3
/home/arvc/Marcos/TRIPLET_NETWORKS/DATASETS/FRIBURGO/Validacion/CR-A/t1152904792.641863_x-8.214982_y0.057644_a-2.295586.jpeg,3
/home/arvc/Marcos/TRIPLET_NETWORKS/DATASETS/FRIBURGO/Validacion/CR-A/t1152904866.770496_x-11.396224_y-0.415511_a3.083428.jpeg,3
/home/arvc/Marcos/TRIPLET_NETWORKS/DATASETS/FRIBURGO/Validacion/CR-A/t1152904465.477516_x1.038536_y-0.087427_a-0.052469.jpeg,3
/home/arvc/Marcos/TRIPLET_NETWORKS/DATASETS/FRIBURGO/Validacion/CR-A/t1152904975.125269_x-13.976539_y-0.281356_a-0.101340.jpeg,3
/home/arvc/Marcos/TRIPLET_NETWORKS/DATASETS/FRIBURGO/Validacion/CR-A/t1152904542.606235_x3.516831_y-0.156802_a3.078092.jpeg,3
/home/arvc/Marcos/TRIPLET_NETWORKS/DATASETS/FRIBURGO/Validacion/CR-A/t1152904803.866566_x-8.999931_y-1.501702_a-1.441884.jpeg,3
/home/arvc/Marcos/TRIPLET_NETWORKS/DATASETS/FRIBURGO/Validacion/CR-A/t1152904481.798436_x3.787589_y-0.301748_a-0.072704.jpeg,3
/home/arvc/Marcos/TRIPLET_NETWORKS/DATASETS/FRIBURGO/Validacion/CR-A/t1152904466.497479_x1.191545_y-0.098712_a-0.058292.jpeg,3
/home/arvc/Marcos/TRIPLET_NETWORKS/DATASETS/FRIBURGO/Validacion/CR-A/t1152904550.282716_x2.708996_y-0.064159_a3.004208.jpeg,3
/home/arvc/Marcos/TRIPLET_NETWORKS/DATASETS/FRIBURGO/Validacion/CR-A/t1152904863.710343_x-10.671424_y-0.460934_a3.110007.jpeg,3
/home/arvc/Marcos/TRIPLET_NETWORKS/DATASETS/FRIBURGO/Validacion/CR-A/t1152904566.603931_x1.573592_y-0.807261_a-2.378465.jpeg,3
/home/arvc/Marcos/TRIPLET_NETWORKS/DATASETS/FRIBURGO/Validacion/CR-A/t1152904789.581670_x-7.908092_y0.470880_a-2.069426.jpeg,3
/home/arvc/Marcos/TRIPLET_NETWORKS/DATASETS/FRIBURGO/Validacion/CR-A/t1152904877.991196_x-13.993820_y-0.299932_a3.137100.jpeg,3
/home/arvc/Marcos/TRIPLET_NETWORKS/DATASETS/FRIBURGO/Validacion/CR-A/t1152904695.523795_x-6.036708_y-0.398952_a2.149516.jpeg,3
/home/arvc/Marcos/TRIPLET_NETWORKS/DATASETS/FRIBURGO/Validacion/CR-A/t1152904601.290088_x1.294609_y-0.945010_a1.497432.jpeg,3
/home/arvc/Marcos/TRIPLET_NETWORKS/DATASETS/FRIBURGO/Validacion/CR-A/t1152905019.188023_x-4.074768_y-0.267537_a0.304739.jpeg,3
/home/arvc/Marcos/TRIPLET_NETWORKS/DATASETS/FRIBURGO/Validacion/CR-A/t1152904480.778475_x3.611727_y-0.288505_a-0.073408.jpeg,3
/home/arvc/Marcos/TRIPLET_NETWORKS/DATASETS/FRIBURGO/Validacion/CR-A/t1152904700.624111_x-6.828447_y0.043707_a2.629651.jpeg,3
/home/arvc/Marcos/TRIPLET_NETWORKS/DATASETS/FRIBURGO/Validacion/CR-A/t1152904556.403098_x2.657356_y-0.061214_a3.007931.jpeg,3
/home/arvc/Marcos/TRIPLET_NETWORKS/DATASETS/FRIBURGO/Validacion/CR-A/t1152904477.718182_x3.126412_y-0.237054_a-0.067496.jpeg,3
/home/arvc/Marcos/TRIPLET_NETWORKS/DATASETS/FRIBURGO/Validacion/CR-A/t1152904785.501417_x-7.690939_y1.082510_a-1.590834.jpeg,3
/home/arvc/Marcos/TRIPLET_NETWORKS/DATASETS/FRIBURGO/Validacion/CR-A/t1152905001.846937_x-7.831087_y-0.532986_a0.041704.jpeg,3
/home/arvc/Marcos/TRIPLET_NETWORKS/DATASETS/FRIBURGO/Validacion/CR-A/t1152905025.484414_x-2.601541_y0.071643_a0.085963.jpeg,3
/home/arvc/Marcos/TRIPLET_NETWORKS/DATASETS/FRIBURGO/Validacion/CR-A/t1152904875.951069_x-13.508939_y-0.301720_a-3.131124.jpeg,3
/home/arvc/Marcos/TRIPLET_NETWORKS/DATASETS/FRIBURGO/Validacion/CR-A/t1152905000.826913_x-8.079053_y-0.534924_a0.042174.jpeg,3
/home/arvc/Marcos/TRIPLET_NETWORKS/DATASETS/FRIBURGO/Validacion/CR-A/t1152904551.302779_x2.696435_y-0.063293_a3.004677.jpeg,3
/home/arvc/Marcos/TRIPLET_NETWORKS/DATASETS/FRIBURGO/Validacion/CR-A/t1152904557.423161_x2.541843_y-0.043973_a3.008534.jpeg,3
/home/arvc/Marcos/TRIPLET_NETWORKS/DATASETS/FRIBURGO/Validacion/CR-A/t1152904478.738246_x3.269854_y-0.246737_a-0.068803.jpeg,3
/home/arvc/Marcos/TRIPLET_NETWORKS/DATASETS/FRIBURGO/Validacion/CR-A/t1152905016.127829_x-4.713160_y-0.450175_a0.305922.jpeg,3
/home/arvc/Marcos/TRIPLET_NETWORKS/DATASETS/FRIBURGO/Validacion/CR-A/t1152904800.802561_x-9.062494_y-0.999682_a-1.740528.jpeg,3
/home/arvc/Marcos/TRIPLET_NETWORKS/DATASETS/FRIBURGO/Validacion/CR-A/t1152905010.007447_x-5.970212_y-0.418842_a0.104797.jpeg,3
/home/arvc/Marcos/TRIPLET_NETWORKS/DATASETS/FRIBURGO/Validacion/CR-A/t1152904698.583984_x-6.492722_y-0.131539_a2.640962.jpeg,3
/home/arvc/Marcos/TRIPLET_NETWORKS/DATASETS/FRIBURGO/Validacion/CR-A/t1152904604.350094_x0.781469_y-0.626173_a2.943229.jpeg,3
/home/arvc/Marcos/TRIPLET_NETWORKS/DATASETS/FRIBURGO/Validacion/CR-A/t1152904476.698122_x2.944465_y-0.225935_a-0.069032.jpeg,3
/home/arvc/Marcos/TRIPLET_NETWORKS/DATASETS/FRIBURGO/Validacion/CR-A/t1152904473.637926_x2.413609_y-0.194634_a-0.071010.jpeg,3
/home/arvc/Marcos/TRIPLET_NETWORKS/DATASETS/FRIBURGO/Validacion/CR-A/t1152905015.107767_x-4.922866_y-0.536150_a0.198044.jpeg,3
/home/arvc/Marcos/TRIPLET_NETWORKS/DATASETS/FRIBURGO/Validacion/CR-A/t1152905022.248217_x-3.347333_y-0.054960_a0.288238.jpeg,3
/home/arvc/Marcos/TRIPLET_NETWORKS/DATASETS/FRIBURGO/Validacion/CR-A/t1152904547.222526_x2.867689_y-0.088166_a3.010559.jpeg,3
/home/arvc/Marcos/TRIPLET_NETWORKS/DATASETS/FRIBURGO/Validacion/CR-A/t1152905021.228357_x-3.599736_y-0.130793_a0.288582.jpeg,3
/home/arvc/Marcos/TRIPLET_NETWORKS/DATASETS/FRIBURGO/Validacion/CR-A/t1152904637.000322_x-5.741862_y-0.809611_a-1.631092.jpeg,3
/home/arvc/Marcos/TRIPLET_NETWORKS/DATASETS/FRIBURGO/Validacion/CR-A/t1152904629.855690_x-5.179491_y0.012929_a3.065539.jpeg,3
/home/arvc/Marcos/TRIPLET_NETWORKS/DATASETS/FRIBURGO/Validacion/CR-A/t1152904606.390222_x0.350805_y-0.541936_a2.945494.jpeg,3
/home/arvc/Marcos/TRIPLET_NETWORKS/DATASETS/FRIBURGO/Validacion/CR-A/t1152904967.980821_x-15.131487_y-0.409140_a1.607201.jpeg,3
/home/arvc/Marcos/TRIPLET_NETWORKS/DATASETS/FRIBURGO/Validacion/CR-A/t1152904621.691179_x-3.361946_y-0.152156_a3.071456.jpeg,3
/home/arvc/Marcos/TRIPLET_NETWORKS/DATASETS/FRIBURGO/Validacion/CR-A/t1152904560.483354_x2.213558_y-0.220455_a-2.494193.jpeg,3
/home/arvc/Marcos/TRIPLET_NETWORKS/DATASETS/FRIBURGO/Validacion/CR-A/t1152904854.529731_x-8.745751_y-0.896103_a1.522574.jpeg,3
/home/arvc/Marcos/TRIPLET_NETWORKS/DATASETS/FRIBURGO/Validacion/CR-A/t1152904623.731307_x-3.837195_y-0.107196_a3.064583.jpeg,3
/home/arvc/Marcos/TRIPLET_NETWORKS/DATASETS/FRIBURGO/Validacion/CR-A/t1152904876.971135_x-13.727250_y-0.301389_a-3.134021.jpeg,3
/home/arvc/Marcos/TRIPLET_NETWORKS/DATASETS/FRIBURGO/Validacion/CR-A/t1152904555.383333_x2.669171_y-0.061445_a3.004444.jpeg,3
/home/arvc/Marcos/TRIPLET_NETWORKS/DATASETS/FRIBURGO/Validacion/CR-A/t1152904552.322842_x2.693540_y-0.062313_a3.005353.jpeg,3
/home/arvc/Marcos/TRIPLET_NETWORKS/DATASETS/FRIBURGO/Validacion/CR-A/t1152905014.087702_x-5.203475_y-0.610349_a-0.374361.jpeg,3
/home/arvc/Marcos/TRIPLET_NETWORKS/DATASETS/FRIBURGO/Validacion/CR-A/t1152904544.163096_x3.300996_y-0.139132_a3.064352.jpeg,3
/home/arvc/Marcos/TRIPLET_NETWORKS/DATASETS/FRIBURGO/Validacion/CR-A/t1152904610.470671_x-0.564253_y-0.372867_a2.991186.jpeg,3
/home/arvc/Marcos/TRIPLET_NETWORKS/DATASETS/FRIBURGO/Validacion/CR-A/t1152904963.900565_x-15.124172_y-1.111176_a1.622074.jpeg,3
/home/arvc/Marcos/TRIPLET_NETWORKS/DATASETS/FRIBURGO/Validacion/CR-A/t1152904867.790559_x-11.628476_y-0.401310_a3.079804.jpeg,3
/home/arvc/Marcos/TRIPLET_NETWORKS/DATASETS/FRIBURGO/Validacion/CR-A/t1152904858.609985_x-9.463961_y-0.493579_a-3.091502.jpeg,3
/home/arvc/Marcos/TRIPLET_NETWORKS/DATASETS/FRIBURGO/Validacion/CR-A/t1152904802.842609_x-9.012489_y-1.341635_a-1.443490.jpeg,3
/home/arvc/Marcos/TRIPLET_NETWORKS/DATASETS/FRIBURGO/Validacion/CR-A/t1152904638.020202_x-5.739288_y-1.064362_a-1.594472.jpeg,3
/home/arvc/Marcos/TRIPLET_NETWORKS/DATASETS/FRIBURGO/Validacion/CR-A/t1152904798.762274_x-8.969923_y-0.627504_a-2.395480.jpeg,3
/home/arvc/Marcos/TRIPLET_NETWORKS/DATASETS/FRIBURGO/Validacion/CR-A/t1152904992.470549_x-10.036937_y-0.606259_a-0.052066.jpeg,3
/home/arvc/Marcos/TRIPLET_NETWORKS/DATASETS/FRIBURGO/Validacion/CR-A/t1152904797.742181_x-8.856356_y-0.523441_a-2.394039.jpeg,3
/home/arvc/Marcos/TRIPLET_NETWORKS/DATASETS/FRIBURGO/Validacion/CR-A/t1152905024.464351_x-2.840816_y0.074897_a0.270759.jpeg,3
/home/arvc/Marcos/TRIPLET_NETWORKS/DATASETS/FRIBURGO/Validacion/CR-A/t1152904874.931007_x-13.258557_y-0.308887_a3.106283.jpeg,3
/home/arvc/Marcos/TRIPLET_NETWORKS/DATASETS/FRIBURGO/Validacion/CR-A/t1152904696.543857_x-6.196663_y-0.289654_a2.378569.jpeg,3
/home/arvc/Marcos/TRIPLET_NETWORKS/DATASETS/FRIBURGO/Validacion/CR-A/t1152905011.027512_x-5.744576_y-0.410207_a0.000825.jpeg,3
/home/arvc/Marcos/TRIPLET_NETWORKS/DATASETS/FRIBURGO/Validacion/CR-A/t1152904702.664245_x-7.134628_y0.223447_a2.606411.jpeg,3
/home/arvc/Marcos/TRIPLET_NETWORKS/DATASETS/FRIBURGO/Validacion/CR-A/t1152904626.791685_x-4.513321_y-0.046092_a3.053251.jpeg,3
/home/arvc/Marcos/TRIPLET_NETWORKS/DATASETS/FRIBURGO/Validacion/CR-A/t1152904475.678076_x2.759083_y-0.212701_a-0.064047.jpeg,3
/home/arvc/Marcos/TRIPLET_NETWORKS/DATASETS/FRIBURGO/Validacion/CR-A/t1152904568.643864_x1.320091_y-1.123946_a-2.227848.jpeg,3
/home/arvc/Marcos/TRIPLET_NETWORKS/DATASETS/FRIBURGO/Validacion/CR-A/t1152904966.960757_x-15.125818_y-0.573089_a1.607782.jpeg,3
/home/arvc/Marcos/TRIPLET_NETWORKS/DATASETS/FRIBURGO/Validacion/CR-A/t1152904880.031325_x-14.432649_y-0.295351_a3.136450.jpeg,3
/home/arvc/Marcos/TRIPLET_NETWORKS/DATASETS/FRIBURGO/Validacion/CR-A/t1152904541.586171_x3.690448_y-0.169017_a3.042318.jpeg,3
/home/arvc/Marcos/TRIPLET_NETWORKS/DATASETS/FRIBURGO/Validacion/CR-A/t1152904548.242593_x2.732655_y-0.070352_a3.003176.jpeg,3
/home/arvc/Marcos/TRIPLET_NETWORKS/DATASETS/FRIBURGO/Validacion/CR-A/t1152905032.688305_x-0.764501_y0.142796_a0.050154.jpeg,3
/home/arvc/Marcos/TRIPLET_NETWORKS/DATASETS/FRIBURGO/Validacion/CR-A/t1152904978.185581_x-13.245229_y-0.368206_a-0.021546.jpeg,3
/home/arvc/Marcos/TRIPLET_NETWORKS/DATASETS/FRIBURGO/Validacion/CR-A/t1152904865.750431_x-11.104895_y-0.432817_a3.085886.jpeg,3
/home/arvc/Marcos/TRIPLET_NETWORKS/DATASETS/FRIBURGO/Validacion/CR-A/t1152904612.510660_x-1.011902_y-0.324026_a3.036825.jpeg,3
/home/arvc/Marcos/TRIPLET_NETWORKS/DATASETS/FRIBURGO/Validacion/CR-A/t1152904545.182398_x3.139526_y-0.118840_a3.028803.jpeg,3
/home/arvc/Marcos/TRIPLET_NETWORKS/DATASETS/FRIBURGO/Validacion/CR-A/t1152904985.329905_x-11.756045_y-0.455466_a-0.061112.jpeg,3
/home/arvc/Marcos/TRIPLET_NETWORKS/DATASETS/FRIBURGO/Validacion/CR-A/t1152904794.682111_x-8.470708_y-0.165772_a-2.387233.jpeg,3
/home/arvc/Marcos/TRIPLET_NETWORKS/DATASETS/FRIBURGO/Validacion/CR-A/t1152904697.563949_x-6.332945_y-0.189262_a2.468061.jpeg,3
/home/arvc/Marcos/TRIPLET_NETWORKS/DATASETS/FRIBURGO/Validacion/CR-A/t1152904969.000885_x-15.067473_y-0.248735_a1.348649.jpeg,3
/home/arvc/Marcos/TRIPLET_NETWORKS/DATASETS/FRIBURGO/Validacion/CR-A/t1152904790.601757_x-7.994702_y0.311122_a-2.058612.jpeg,3
/home/arvc/Marcos/TRIPLET_NETWORKS/DATASETS/FRIBURGO/Validacion/CR-A/t1152905003.887063_x-7.356654_y-0.534718_a0.029170.jpeg,3
/home/arvc/Marcos/TRIPLET_NETWORKS/DATASETS/FRIBURGO/Validacion/CR-A/t1152904567.623799_x1.418076_y-0.982607_a-2.321722.jpeg,3
/home/arvc/Marcos/TRIPLET_NETWORKS/DATASETS/FRIBURGO/Validacion/CR-A/t1152905028.544607_x-1.843606_y0.097619_a0.054741.jpeg,3
/home/arvc/Marcos/TRIPLET_NETWORKS/DATASETS/FRIBURGO/Validacion/CR-A/t1152904561.503418_x2.095318_y-0.329305_a-2.470952.jpeg,3
/home/arvc/Marcos/TRIPLET_NETWORKS/DATASETS/FRIBURGO/Validacion/CR-A/t1152904620.671114_x-3.073845_y-0.162672_a3.081429.jpeg,3
/home/arvc/Marcos/TRIPLET_NETWORKS/DATASETS/FRIBURGO/Validacion/CR-A/t1152904795.702083_x-8.601579_y-0.289434_a-2.387551.jpeg,3
/home/arvc/Marcos/TRIPLET_NETWORKS/DATASETS/FRIBURGO/Validacion/CR-A/t1152904859.630053_x-9.740926_y-0.507797_a-3.086381.jpeg,3
/home/arvc/Marcos/TRIPLET_NETWORKS/DATASETS/FRIBURGO/Validacion/CR-A/t1152905026.504582_x-2.349634_y0.086066_a0.070047.jpeg,3
/home/arvc/Marcos/TRIPLET_NETWORKS/DATASETS/FRIBURGO/Validacion/CR-A/t1152904562.523483_x1.987477_y-0.412557_a-2.464540.jpeg,3
/home/arvc/Marcos/TRIPLET_NETWORKS/DATASETS/FRIBURGO/Validacion/CR-A/t1152904635.976170_x-5.736590_y-0.631196_a-1.741736.jpeg,3
/home/arvc/Marcos/TRIPLET_NETWORKS/DATASETS/FRIBURGO/Validacion/CR-A/t1152904705.724529_x-7.476841_y0.606878_a2.280823.jpeg,3
/home/arvc/Marcos/TRIPLET_NETWORKS/DATASETS/FRIBURGO/Validacion/CR-A/t1152904997.574669_x-8.820086_y-0.575724_a0.065082.jpeg,3
/home/arvc/Marcos/TRIPLET_NETWORKS/DATASETS/FRIBURGO/Validacion/CR-A/t1152904605.370158_x0.551545_y-0.578080_a2.943649.jpeg,3
/home/arvc/Marcos/TRIPLET_NETWORKS/DATASETS/FRIBURGO/Validacion/CR-A/t1152904853.509729_x-8.766401_y-1.118885_a1.520041.jpeg,3
/home/arvc/Marcos/TRIPLET_NETWORKS/DATASETS/FRIBURGO/Validacion/CR-A/t1152904987.370032_x-11.358768_y-0.503248_a-0.075548.jpeg,3
/home/arvc/Marcos/TRIPLET_NETWORKS/DATASETS/FRIBURGO/Validacion/CR-A/t1152904690.423474_x-5.793167_y-1.229723_a1.565106.jpeg,3
/home/arvc/Marcos/TRIPLET_NETWORKS/DATASETS/FRIBURGO/Validacion/CR-A/t1152904885.131645_x-15.073979_y-1.146908_a-1.582777.jpeg,3
/home/arvc/Marcos/TRIPLET_NETWORKS/DATASETS/FRIBURGO/Validacion/CR-A/t1152905012.047579_x-5.538000_y-0.454481_a-0.115509.jpeg,3
/home/arvc/Marcos/TRIPLET_NETWORKS/DATASETS/FRIBURGO/Validacion/CR-A/t1152904618.630988_x-2.554688_y-0.189101_a3.092089.jpeg,3
/home/arvc/Marcos/TRIPLET_NETWORKS/DATASETS/FRIBURGO/Validacion/CR-A/t1152905031.604798_x-1.032904_y0.135558_a0.055165.jpeg,3
/home/arvc/Marcos/TRIPLET_NETWORKS/DATASETS/FRIBURGO/Validacion/KT-A/t1152904837.188647_x-8.768085_y-4.662915_a1.562136.jpeg,4
/home/arvc/Marcos/TRIPLET_NETWORKS/DATASETS/FRIBURGO/Validacion/KT-A/t1152904840.248840_x-8.810826_y-4.243390_a1.644751.jpeg,4
/home/arvc/Marcos/TRIPLET_NETWORKS/DATASETS/FRIBURGO/Validacion/KT-A/t1152904832.088433_x-8.687532_y-4.951348_a1.077420.jpeg,4
/home/arvc/Marcos/TRIPLET_NETWORKS/DATASETS/FRIBURGO/Validacion/KT-A/t1152904850.449477_x-8.813657_y-1.836855_a1.546988.jpeg,4
/home/arvc/Marcos/TRIPLET_NETWORKS/DATASETS/FRIBURGO/Validacion/KT-A/t1152904829.028137_x-8.587249_y-5.178763_a-0.267685.jpeg,4
/home/arvc/Marcos/TRIPLET_NETWORKS/DATASETS/FRIBURGO/Validacion/KT-A/t1152904807.946822_x-8.904133_y-2.316620_a-1.468948.jpeg,4
/home/arvc/Marcos/TRIPLET_NETWORKS/DATASETS/FRIBURGO/Validacion/KT-A/t1152904820.663613_x-8.779428_y-4.735641_a-1.555238.jpeg,4
/home/arvc/Marcos/TRIPLET_NETWORKS/DATASETS/FRIBURGO/Validacion/KT-A/t1152904817.603613_x-8.782486_y-4.163582_a-1.538805.jpeg,4
/home/arvc/Marcos/TRIPLET_NETWORKS/DATASETS/FRIBURGO/Validacion/KT-A/t1152904809.987063_x-8.859997_y-2.729195_a-1.482889.jpeg,4
/home/arvc/Marcos/TRIPLET_NETWORKS/DATASETS/FRIBURGO/Validacion/KT-A/t1152904814.543231_x-8.803910_y-3.581392_a-1.503675.jpeg,4
/home/arvc/Marcos/TRIPLET_NETWORKS/DATASETS/FRIBURGO/Validacion/KT-A/t1152904806.926778_x-8.925255_y-2.095379_a-1.462536.jpeg,4
/home/arvc/Marcos/TRIPLET_NETWORKS/DATASETS/FRIBURGO/Validacion/KT-A/t1152904825.967946_x-8.775553_y-5.333604_a-1.560933.jpeg,4
/home/arvc/Marcos/TRIPLET_NETWORKS/DATASETS/FRIBURGO/Validacion/KT-A/t1152904815.563318_x-8.792817_y-3.784298_a-1.513193.jpeg,4
/home/arvc/Marcos/TRIPLET_NETWORKS/DATASETS/FRIBURGO/Validacion/KT-A/t1152904834.128456_x-8.763684_y-4.915132_a1.476459.jpeg,4
/home/arvc/Marcos/TRIPLET_NETWORKS/DATASETS/FRIBURGO/Validacion/KT-A/t1152904839.228878_x-8.798307_y-4.413427_a1.645506.jpeg,4
/home/arvc/Marcos/TRIPLET_NETWORKS/DATASETS/FRIBURGO/Validacion/KT-A/t1152904851.469538_x-8.802963_y-1.625062_a1.529242.jpeg,4
/home/arvc/Marcos/TRIPLET_NETWORKS/DATASETS/FRIBURGO/Validacion/KT-A/t1152904842.288964_x-8.833688_y-3.766276_a1.620142.jpeg,4
/home/arvc/Marcos/TRIPLET_NETWORKS/DATASETS/FRIBURGO/Validacion/KT-A/t1152904831.068464_x-8.609363_y-5.024639_a0.534448.jpeg,4
/home/arvc/Marcos/TRIPLET_NETWORKS/DATASETS/FRIBURGO/Validacion/KT-A/t1152904836.168587_x-8.775120_y-4.798620_a1.534440.jpeg,4
/home/arvc/Marcos/TRIPLET_NETWORKS/DATASETS/FRIBURGO/Validacion/KT-A/t1152904843.309086_x-8.842480_y-3.511698_a1.608564.jpeg,4
/home/arvc/Marcos/TRIPLET_NETWORKS/DATASETS/FRIBURGO/Validacion/KT-A/t1152904818.623486_x-8.776938_y-4.374509_a-1.540553.jpeg,4
/home/arvc/Marcos/TRIPLET_NETWORKS/DATASETS/FRIBURGO/Validacion/KT-A/t1152904849.429419_x-8.821822_y-2.073895_a1.551841.jpeg,4
/home/arvc/Marcos/TRIPLET_NETWORKS/DATASETS/FRIBURGO/Validacion/KT-A/t1152904835.148522_x-8.775655_y-4.866123_a1.532503.jpeg,4
/home/arvc/Marcos/TRIPLET_NETWORKS/DATASETS/FRIBURGO/Validacion/KT-A/t1152904813.047139_x-8.823190_y-3.283133_a-1.499513.jpeg,4
/home/arvc/Marcos/TRIPLET_NETWORKS/DATASETS/FRIBURGO/Validacion/KT-A/t1152904808.966884_x-8.883320_y-2.528415_a-1.478297.jpeg,4
/home/arvc/Marcos/TRIPLET_NETWORKS/DATASETS/FRIBURGO/Validacion/KT-A/t1152904841.268902_x-8.823619_y-3.991171_a1.629009.jpeg,4
/home/arvc/Marcos/TRIPLET_NETWORKS/DATASETS/FRIBURGO/Validacion/KT-A/t1152904833.108448_x-8.754913_y-4.929659_a1.430366.jpeg,4
/home/arvc/Marcos/TRIPLET_NETWORKS/DATASETS/FRIBURGO/Validacion/KT-A/t1152904821.683804_x-8.779105_y-4.951078_a-1.568878.jpeg,4
/home/arvc/Marcos/TRIPLET_NETWORKS/DATASETS/FRIBURGO/Validacion/KT-A/t1152904830.048201_x-8.582034_y-5.103271_a0.113084.jpeg,4
/home/arvc/Marcos/TRIPLET_NETWORKS/DATASETS/FRIBURGO/Validacion/KT-A/t1152904826.988010_x-8.672711_y-5.304627_a-1.001458.jpeg,4
/home/arvc/Marcos/TRIPLET_NETWORKS/DATASETS/FRIBURGO/Validacion/KT-A/t1152904816.583360_x-8.785657_y-3.961575_a-1.525041.jpeg,4
/home/arvc/Marcos/TRIPLET_NETWORKS/DATASETS/FRIBURGO/Validacion/KT-A/t1152904805.906692_x-8.957914_y-1.865890_a-1.456724.jpeg,4
/home/arvc/Marcos/TRIPLET_NETWORKS/DATASETS/FRIBURGO/Validacion/KT-A/t1152904804.886630_x-8.977616_y-1.675666_a-1.447535.jpeg,4
/home/arvc/Marcos/TRIPLET_NETWORKS/DATASETS/FRIBURGO/Validacion/KT-A/t1152904846.369220_x-8.825198_y-2.790013_a1.581462.jpeg,4
/home/arvc/Marcos/TRIPLET_NETWORKS/DATASETS/FRIBURGO/Validacion/KT-A/t1152904819.643572_x-8.775953_y-4.535963_a-1.553937.jpeg,4
/home/arvc/Marcos/TRIPLET_NETWORKS/DATASETS/FRIBURGO/Validacion/KT-A/t1152904823.723834_x-8.777404_y-5.316913_a-1.570137.jpeg,4
/home/arvc/Marcos/TRIPLET_NETWORKS/DATASETS/FRIBURGO/Validacion/KT-A/t1152904822.703742_x-8.776884_y-5.164208_a-1.569665.jpeg,4
/home/arvc/Marcos/TRIPLET_NETWORKS/DATASETS/FRIBURGO/Validacion/KT-A/t1152904828.008079_x-8.604973_y-5.226143_a-0.521155.jpeg,4
/home/arvc/Marcos/TRIPLET_NETWORKS/DATASETS/FRIBURGO/Validacion/KT-A/t1152904838.208916_x-8.783741_y-4.551353_a1.629750.jpeg,4
/home/arvc/Marcos/TRIPLET_NETWORKS/DATASETS/FRIBURGO/Validacion/KT-A/t1152904847.389387_x-8.827313_y-2.558212_a1.577184.jpeg,4
/home/arvc/Marcos/TRIPLET_NETWORKS/DATASETS/FRIBURGO/Validacion/KT-A/t1152904845.349157_x-8.822468_y-3.038278_a1.582882.jpeg,4
/home/arvc/Marcos/TRIPLET_NETWORKS/DATASETS/FRIBURGO/Validacion/KT-A/t1152904848.409543_x-8.829493_y-2.298492_a1.575362.jpeg,4
/home/arvc/Marcos/TRIPLET_NETWORKS/DATASETS/FRIBURGO/Validacion/KT-A/t1152904811.007032_x-8.846121_y-2.900399_a-1.495295.jpeg,4
/home/arvc/Marcos/TRIPLET_NETWORKS/DATASETS/FRIBURGO/Validacion/KT-A/t1152904812.027076_x-8.837118_y-3.099097_a-1.499908.jpeg,4
/home/arvc/Marcos/TRIPLET_NETWORKS/DATASETS/FRIBURGO/Validacion/KT-A/t1152904844.329095_x-8.826676_y-3.283101_a1.592249.jpeg,4
/home/arvc/Marcos/TRIPLET_NETWORKS/DATASETS/FRIBURGO/Validacion/LO-A/t1152904593.329406_x1.009890_y-2.627180_a0.695466.jpeg,5
/home/arvc/Marcos/TRIPLET_NETWORKS/DATASETS/FRIBURGO/Validacion/LO-A/t1152904595.369533_x1.163184_y-2.194505_a1.344911.jpeg,5
/home/arvc/Marcos/TRIPLET_NETWORKS/DATASETS/FRIBURGO/Validacion/LO-A/t1152904577.824436_x1.010006_y-2.884940_a-1.693633.jpeg,5
/home/arvc/Marcos/TRIPLET_NETWORKS/DATASETS/FRIBURGO/Validacion/LO-A/t1152904581.904885_x0.798657_y-3.720351_a-1.998660.jpeg,5
/home/arvc/Marcos/TRIPLET_NETWORKS/DATASETS/FRIBURGO/Validacion/LO-A/t1152904591.289278_x0.691570_y-2.869749_a0.601557.jpeg,5
/home/arvc/Marcos/TRIPLET_NETWORKS/DATASETS/FRIBURGO/Validacion/LO-A/t1152904588.025073_x0.101978_y-3.227766_a1.359760.jpeg,5
/home/arvc/Marcos/TRIPLET_NETWORKS/DATASETS/FRIBURGO/Validacion/LO-A/t1152904596.185705_x1.180465_y-2.010990_a1.414374.jpeg,5
/home/arvc/Marcos/TRIPLET_NETWORKS/DATASETS/FRIBURGO/Validacion/LO-A/t1152904585.984950_x0.038329_y-3.667878_a2.477871.jpeg,5
/home/arvc/Marcos/TRIPLET_NETWORKS/DATASETS/FRIBURGO/Validacion/LO-A/t1152904594.145456_x1.117905_y-2.477455_a0.822846.jpeg,5
/home/arvc/Marcos/TRIPLET_NETWORKS/DATASETS/FRIBURGO/Validacion/LO-A/t1152904581.088641_x0.895838_y-3.578795_a-1.724252.jpeg,5
/home/arvc/Marcos/TRIPLET_NETWORKS/DATASETS/FRIBURGO/Validacion/LO-A/t1152904587.209228_x0.022719_y-3.386356_a1.777270.jpeg,5
/home/arvc/Marcos/TRIPLET_NETWORKS/DATASETS/FRIBURGO/Validacion/LO-A/t1152904578.844535_x0.979042_y-3.093276_a-1.696978.jpeg,5
/home/arvc/Marcos/TRIPLET_NETWORKS/DATASETS/FRIBURGO/Validacion/LO-A/t1152904584.964883_x0.149200_y-3.854436_a3.050574.jpeg,5
/home/arvc/Marcos/TRIPLET_NETWORKS/DATASETS/FRIBURGO/Validacion/LO-A/t1152904597.413667_x1.177081_y-1.767231_a1.519874.jpeg,5
/home/arvc/Marcos/TRIPLET_NETWORKS/DATASETS/FRIBURGO/Validacion/LO-A/t1152904576.804373_x1.022198_y-2.657561_a-1.699660.jpeg,5
/home/arvc/Marcos/TRIPLET_NETWORKS/DATASETS/FRIBURGO/Validacion/LO-A/t1152904589.249150_x0.333635_y-3.109981_a0.660782.jpeg,5
/home/arvc/Marcos/TRIPLET_NETWORKS/DATASETS/FRIBURGO/Validacion/LO-A/t1152904595.165521_x1.166242_y-2.256477_a1.242742.jpeg,5
/home/arvc/Marcos/TRIPLET_NETWORKS/DATASETS/FRIBURGO/Validacion/LO-A/t1152904579.048515_x0.972915_y-3.155762_a-1.699209.jpeg,5
/home/arvc/Marcos/TRIPLET_NETWORKS/DATASETS/FRIBURGO/Validacion/LO-A/t1152904571.704055_x1.140580_y-1.660172_a-1.911354.jpeg,5
/home/arvc/Marcos/TRIPLET_NETWORKS/DATASETS/FRIBURGO/Validacion/LO-A/t1152904574.764249_x1.066809_y-2.258413_a-1.700632.jpeg,5
/home/arvc/Marcos/TRIPLET_NETWORKS/DATASETS/FRIBURGO/Validacion/LO-A/t1152904593.125394_x0.997718_y-2.653145_a0.638832.jpeg,5
/home/arvc/Marcos/TRIPLET_NETWORKS/DATASETS/FRIBURGO/Validacion/LO-A/t1152904587.005011_x0.012241_y-3.426134_a1.889198.jpeg,5
/home/arvc/Marcos/TRIPLET_NETWORKS/DATASETS/FRIBURGO/Validacion/LO-A/t1152904590.065201_x0.461918_y-3.031279_a0.604824.jpeg,5
/home/arvc/Marcos/TRIPLET_NETWORKS/DATASETS/FRIBURGO/Validacion/LO-A/t1152904579.864566_x0.941842_y-3.338795_a-1.697247.jpeg,5
/home/arvc/Marcos/TRIPLET_NETWORKS/DATASETS/FRIBURGO/Validacion/LO-A/t1152904585.168998_x0.113274_y-3.819860_a2.903478.jpeg,5
/home/arvc/Marcos/TRIPLET_NETWORKS/DATASETS/FRIBURGO/Validacion/LO-A/t1152904572.928132_x1.123396_y-1.880442_a-1.700355.jpeg,5
/home/arvc/Marcos/TRIPLET_NETWORKS/DATASETS/FRIBURGO/Validacion/LO-A/t1152904572.724205_x1.125073_y-1.842415_a-1.717841.jpeg,5
/home/arvc/Marcos/TRIPLET_NETWORKS/DATASETS/FRIBURGO/Validacion/LO-A/t1152904583.128770_x0.579358_y-3.845517_a-2.473963.jpeg,5
/home/arvc/Marcos/TRIPLET_NETWORKS/DATASETS/FRIBURGO/Validacion/LO-A/t1152904582.924759_x0.598085_y-3.839288_a-2.443781.jpeg,5
/home/arvc/Marcos/TRIPLET_NETWORKS/DATASETS/FRIBURGO/Validacion/LO-A/t1152904592.105329_x0.834922_y-2.773252_a0.596935.jpeg,5
/home/arvc/Marcos/TRIPLET_NETWORKS/DATASETS/FRIBURGO/Validacion/LO-A/t1152904580.884732_x0.907385_y-3.536687_a-1.710697.jpeg,5
/home/arvc/Marcos/TRIPLET_NETWORKS/DATASETS/FRIBURGO/Validacion/LO-A/t1152904573.744186_x1.093906_y-2.059714_a-1.703238.jpeg,5
/home/arvc/Marcos/TRIPLET_NETWORKS/DATASETS/FRIBURGO/Validacion/LO-A/t1152904583.944823_x0.360256_y-3.887200_a-2.857417.jpeg,5
/home/arvc/Marcos/TRIPLET_NETWORKS/DATASETS/FRIBURGO/Validacion/LO-A/t1152904574.968258_x1.060783_y-2.302382_a-1.701971.jpeg,5
/home/arvc/Marcos/TRIPLET_NETWORKS/DATASETS/FRIBURGO/Validacion/LO-A/t1152904589.045139_x0.285639_y-3.116247_a0.779613.jpeg,5
/home/arvc/Marcos/TRIPLET_NETWORKS/DATASETS/FRIBURGO/Validacion/LO-A/t1152904591.085267_x0.642996_y-2.902271_a0.606691.jpeg,5
/home/arvc/Marcos/TRIPLET_NETWORKS/DATASETS/FRIBURGO/Validacion/LO-A/t1152904575.784309_x1.033958_y-2.507392_a-1.703320.jpeg,5
/home/arvc/Marcos/TRIPLET_NETWORKS/DATASETS/FRIBURGO/Validacion/LO-A/t1152904577.008584_x1.019529_y-2.700521_a-1.686659.jpeg,5
/home/arvc/Marcos/TRIPLET_NETWORKS/DATASETS/FRIBURGO/Validacion/LO-A/t1152904597.209649_x1.174499_y-1.812077_a1.521590.jpeg,5
/home/arvc/Marcos/TRIPLET_NETWORKS/DATASETS/FRIBURGO/Validacion/PA-A/t1152904502.203917_x5.127759_y-2.793336_a-1.726421.jpeg,6
/home/arvc/Marcos/TRIPLET_NETWORKS/DATASETS/FRIBURGO/Validacion/PA-A/t1152904512.612366_x5.088207_y-2.888822_a1.587964.jpeg,6
/home/arvc/Marcos/TRIPLET_NETWORKS/DATASETS/FRIBURGO/Validacion/PA-A/t1152904507.304031_x4.869580_y-3.189583_a-2.486950.jpeg,6
/home/arvc/Marcos/TRIPLET_NETWORKS/DATASETS/FRIBURGO/Validacion/PA-A/t1152904525.261151_x4.996686_y-1.707715_a1.671369.jpeg,6
/home/arvc/Marcos/TRIPLET_NETWORKS/DATASETS/FRIBURGO/Validacion/PA-A/t1152904535.461791_x4.658607_y-0.276398_a2.328597.jpeg,6
/home/arvc/Marcos/TRIPLET_NETWORKS/DATASETS/FRIBURGO/Validacion/PA-A/t1152904522.200962_x5.039793_y-2.210041_a1.657086.jpeg,6
/home/arvc/Marcos/TRIPLET_NETWORKS/DATASETS/FRIBURGO/Validacion/PA-A/t1152904487.922845_x4.793843_y-0.485630_a-0.315957.jpeg,6
/home/arvc/Marcos/TRIPLET_NETWORKS/DATASETS/FRIBURGO/Validacion/PA-A/t1152904500.163607_x5.181178_y-2.456764_a-1.736352.jpeg,6
/home/arvc/Marcos/TRIPLET_NETWORKS/DATASETS/FRIBURGO/Validacion/PA-A/t1152904505.263903_x4.919487_y-3.229617_a-2.136570.jpeg,6
/home/arvc/Marcos/TRIPLET_NETWORKS/DATASETS/FRIBURGO/Validacion/PA-A/t1152904490.983110_x5.088072_y-0.943026_a-1.107484.jpeg,6
/home/arvc/Marcos/TRIPLET_NETWORKS/DATASETS/FRIBURGO/Validacion/PA-A/t1152904504.243864_x5.035652_y-3.123153_a-1.853578.jpeg,6
/home/arvc/Marcos/TRIPLET_NETWORKS/DATASETS/FRIBURGO/Validacion/PA-A/t1152904539.546044_x4.016340_y-0.223571_a3.040356.jpeg,6
/home/arvc/Marcos/TRIPLET_NETWORKS/DATASETS/FRIBURGO/Validacion/PA-A/t1152904520.161028_x5.061191_y-2.467524_a1.667253.jpeg,6
/home/arvc/Marcos/TRIPLET_NETWORKS/DATASETS/FRIBURGO/Validacion/PA-A/t1152904524.241087_x5.011707_y-1.865063_a1.672196.jpeg,6
/home/arvc/Marcos/TRIPLET_NETWORKS/DATASETS/FRIBURGO/Validacion/PA-A/t1152904509.344156_x4.867016_y-3.018993_a2.920319.jpeg,6
/home/arvc/Marcos/TRIPLET_NETWORKS/DATASETS/FRIBURGO/Validacion/PA-A/t1152904528.321343_x4.960658_y-1.277527_a1.658041.jpeg,6
/home/arvc/Marcos/TRIPLET_NETWORKS/DATASETS/FRIBURGO/Validacion/PA-A/t1152904482.818709_x3.950785_y-0.312424_a-0.068752.jpeg,6
/home/arvc/Marcos/TRIPLET_NETWORKS/DATASETS/FRIBURGO/Validacion/PA-A/t1152904533.421668_x4.909415_y-0.483356_a1.662951.jpeg,6
/home/arvc/Marcos/TRIPLET_NETWORKS/DATASETS/FRIBURGO/Validacion/PA-A/t1152904493.023138_x5.152924_y-1.291612_a-1.379854.jpeg,6
/home/arvc/Marcos/TRIPLET_NETWORKS/DATASETS/FRIBURGO/Validacion/PA-A/t1152904494.043203_x5.161534_y-1.450194_a-1.436154.jpeg,6
/home/arvc/Marcos/TRIPLET_NETWORKS/DATASETS/FRIBURGO/Validacion/PA-A/t1152904516.080577_x5.106514_y-2.792416_a1.512452.jpeg,6
/home/arvc/Marcos/TRIPLET_NETWORKS/DATASETS/FRIBURGO/Validacion/PA-A/t1152904534.441727_x4.800837_y-0.382898_a2.057884.jpeg,6
/home/arvc/Marcos/TRIPLET_NETWORKS/DATASETS/FRIBURGO/Validacion/PA-A/t1152904508.324236_x4.845921_y-3.106243_a-2.921531.jpeg,6
/home/arvc/Marcos/TRIPLET_NETWORKS/DATASETS/FRIBURGO/Validacion/PA-A/t1152904492.003195_x5.122852_y-1.104584_a-1.285818.jpeg,6
/home/arvc/Marcos/TRIPLET_NETWORKS/DATASETS/FRIBURGO/Validacion/PA-A/t1152904529.341407_x4.942038_y-1.131972_a1.671885.jpeg,6
/home/arvc/Marcos/TRIPLET_NETWORKS/DATASETS/FRIBURGO/Validacion/PA-A/t1152904486.902757_x4.640993_y-0.394202_a-0.111153.jpeg,6
/home/arvc/Marcos/TRIPLET_NETWORKS/DATASETS/FRIBURGO/Validacion/PA-A/t1152904489.962949_x5.034296_y-0.778712_a-0.816461.jpeg,6
/home/arvc/Marcos/TRIPLET_NETWORKS/DATASETS/FRIBURGO/Validacion/PA-A/t1152904506.283967_x4.916522_y-3.238805_a-2.142823.jpeg,6
/home/arvc/Marcos/TRIPLET_NETWORKS/DATASETS/FRIBURGO/Validacion/PA-A/t1152904537.501918_x4.334646_y-0.240386_a3.005905.jpeg,6
/home/arvc/Marcos/TRIPLET_NETWORKS/DATASETS/FRIBURGO/Validacion/PA-A/t1152904495.063356_x5.184239_y-1.607973_a-1.441337.jpeg,6
/home/arvc/Marcos/TRIPLET_NETWORKS/DATASETS/FRIBURGO/Validacion/PA-A/t1152904523.221026_x5.026630_y-2.029743_a1.666407.jpeg,6
/home/arvc/Marcos/TRIPLET_NETWORKS/DATASETS/FRIBURGO/Validacion/PA-A/t1152904532.401611_x4.919199_y-0.626821_a1.654533.jpeg,6
/home/arvc/Marcos/TRIPLET_NETWORKS/DATASETS/FRIBURGO/Validacion/PA-A/t1152904519.140967_x5.080311_y-2.552619_a1.625223.jpeg,6
/home/arvc/Marcos/TRIPLET_NETWORKS/DATASETS/FRIBURGO/Validacion/PA-A/t1152904538.525985_x4.186410_y-0.234168_a3.047122.jpeg,6
/home/arvc/Marcos/TRIPLET_NETWORKS/DATASETS/FRIBURGO/Validacion/PA-A/t1152904513.632631_x5.108601_y-2.884688_a1.460877.jpeg,6
/home/arvc/Marcos/TRIPLET_NETWORKS/DATASETS/FRIBURGO/Validacion/PA-A/t1152904536.482068_x4.505661_y-0.244796_a2.666839.jpeg,6
/home/arvc/Marcos/TRIPLET_NETWORKS/DATASETS/FRIBURGO/Validacion/PA-A/t1152904515.060517_x5.115607_y-2.874704_a1.428190.jpeg,6
/home/arvc/Marcos/TRIPLET_NETWORKS/DATASETS/FRIBURGO/Validacion/PA-A/t1152904526.281216_x4.982977_y-1.553484_a1.663287.jpeg,6
/home/arvc/Marcos/TRIPLET_NETWORKS/DATASETS/FRIBURGO/Validacion/PA-A/t1152904503.223777_x5.091082_y-2.971066_a-1.752953.jpeg,6
/home/arvc/Marcos/TRIPLET_NETWORKS/DATASETS/FRIBURGO/Validacion/PA-A/t1152904483.842586_x4.117216_y-0.328169_a-0.080471.jpeg,6
/home/arvc/Marcos/TRIPLET_NETWORKS/DATASETS/FRIBURGO/Validacion/PA-A/t1152904531.381535_x4.926760_y-0.767880_a1.638683.jpeg,6
/home/arvc/Marcos/TRIPLET_NETWORKS/DATASETS/FRIBURGO/Validacion/PA-A/t1152904499.143522_x5.218248_y-2.272510_a-1.629380.jpeg,6
/home/arvc/Marcos/TRIPLET_NETWORKS/DATASETS/FRIBURGO/Validacion/PA-A/t1152904496.083351_x5.206491_y-1.775275_a-1.447684.jpeg,6
/home/arvc/Marcos/TRIPLET_NETWORKS/DATASETS/FRIBURGO/Validacion/PA-A/t1152904484.862626_x4.323652_y-0.347540_a-0.094225.jpeg,6
/home/arvc/Marcos/TRIPLET_NETWORKS/DATASETS/FRIBURGO/Validacion/PA-A/t1152904510.364221_x4.921707_y-2.945319_a2.457654.jpeg,6
/home/arvc/Marcos/TRIPLET_NETWORKS/DATASETS/FRIBURGO/Validacion/PA-A/t1152904501.183871_x5.157790_y-2.612187_a-1.730204.jpeg,6
/home/arvc/Marcos/TRIPLET_NETWORKS/DATASETS/FRIBURGO/Validacion/PA-A/t1152904485.882794_x4.464946_y-0.361275_a-0.088244.jpeg,6
/home/arvc/Marcos/TRIPLET_NETWORKS/DATASETS/FRIBURGO/Validacion/PA-A/t1152904530.361666_x4.938739_y-0.948762_a1.632100.jpeg,6
/home/arvc/Marcos/TRIPLET_NETWORKS/DATASETS/FRIBURGO/Validacion/PA-A/t1152904521.181109_x5.046659_y-2.321017_a1.656750.jpeg,6
/home/arvc/Marcos/TRIPLET_NETWORKS/DATASETS/FRIBURGO/Validacion/PA-A/t1152904517.100643_x5.088841_y-2.713525_a1.573569.jpeg,6
/home/arvc/Marcos/TRIPLET_NETWORKS/DATASETS/FRIBURGO/Validacion/PA-A/t1152904527.301283_x4.973289_y-1.425206_a1.655793.jpeg,6
/home/arvc/Marcos/TRIPLET_NETWORKS/DATASETS/FRIBURGO/Validacion/PA-A/t1152904498.123456_x5.240110_y-2.112801_a-1.447461.jpeg,6
/home/arvc/Marcos/TRIPLET_NETWORKS/DATASETS/FRIBURGO/Validacion/PA-A/t1152904518.120705_x5.090186_y-2.644412_a1.572571.jpeg,6
/home/arvc/Marcos/TRIPLET_NETWORKS/DATASETS/FRIBURGO/Validacion/PA-A/t1152904511.384391_x5.018290_y-2.903067_a1.951658.jpeg,6
/home/arvc/Marcos/TRIPLET_NETWORKS/DATASETS/FRIBURGO/Validacion/PA-A/t1152904488.942884_x4.917692_y-0.644769_a-0.647504.jpeg,6
/home/arvc/Marcos/TRIPLET_NETWORKS/DATASETS/FRIBURGO/Validacion/PA-A/t1152904497.103391_x5.218491_y-1.922429_a-1.439293.jpeg,6
/home/arvc/Marcos/TRIPLET_NETWORKS/DATASETS/FRIBURGO/Validacion/ST-A/t1152904889.211899_x-15.145024_y-2.081960_a-1.610780.jpeg,7
/home/arvc/Marcos/TRIPLET_NETWORKS/DATASETS/FRIBURGO/Validacion/ST-A/t1152904950.631736_x-13.818657_y-2.239024_a3.133559.jpeg,7
/home/arvc/Marcos/TRIPLET_NETWORKS/DATASETS/FRIBURGO/Validacion/ST-A/t1152904899.616549_x-13.112143_y-2.317774_a0.382372.jpeg,7
/home/arvc/Marcos/TRIPLET_NETWORKS/DATASETS/FRIBURGO/Validacion/ST-A/t1152904893.496168_x-14.474793_y-2.664554_a-0.100721.jpeg,7
/home/arvc/Marcos/TRIPLET_NETWORKS/DATASETS/FRIBURGO/Validacion/ST-A/t1152904957.776184_x-15.024443_y-2.125083_a2.771076.jpeg,7
/home/arvc/Marcos/TRIPLET_NETWORKS/DATASETS/FRIBURGO/Validacion/ST-A/t1152904948.591612_x-13.464893_y-2.254452_a3.124021.jpeg,7
/home/arvc/Marcos/TRIPLET_NETWORKS/DATASETS/FRIBURGO/Validacion/ST-A/t1152904954.920004_x-14.546420_y-2.228060_a3.108503.jpeg,7
/home/arvc/Marcos/TRIPLET_NETWORKS/DATASETS/FRIBURGO/Validacion/ST-A/t1152904955.736057_x-14.698290_y-2.221593_a3.100545.jpeg,7
/home/arvc/Marcos/TRIPLET_NETWORKS/DATASETS/FRIBURGO/Validacion/ST-A/t1152904946.551486_x-13.172870_y-2.285589_a-3.122334.jpeg,7
/home/arvc/Marcos/TRIPLET_NETWORKS/DATASETS/FRIBURGO/Validacion/ST-A/t1152904952.671864_x-14.162798_y-2.239311_a3.123357.jpeg,7
/home/arvc/Marcos/TRIPLET_NETWORKS/DATASETS/FRIBURGO/Validacion/ST-A/t1152904961.856525_x-15.094834_y-1.465583_a1.551970.jpeg,7
/home/arvc/Marcos/TRIPLET_NETWORKS/DATASETS/FRIBURGO/Validacion/ST-A/t1152904959.816311_x-15.181292_y-1.806189_a2.095738.jpeg,7
/home/arvc/Marcos/TRIPLET_NETWORKS/DATASETS/FRIBURGO/Validacion/ST-A/t1152904947.571545_x-13.291368_y-2.283427_a-3.139555.jpeg,7
/home/arvc/Marcos/TRIPLET_NETWORKS/DATASETS/FRIBURGO/Validacion/ST-A/t1152904949.611673_x-13.625170_y-2.251957_a3.127393.jpeg,7
/home/arvc/Marcos/TRIPLET_NETWORKS/DATASETS/FRIBURGO/Validacion/ST-A/t1152904953.695929_x-14.326842_y-2.230263_a3.112616.jpeg,7
/home/arvc/Marcos/TRIPLET_NETWORKS/DATASETS/FRIBURGO/Validacion/ST-A/t1152904956.756334_x-14.869278_y-2.214182_a3.111319.jpeg,7
/home/arvc/Marcos/TRIPLET_NETWORKS/DATASETS/FRIBURGO/Validacion/ST-A/t1152904898.392471_x-13.371442_y-2.417039_a0.429688.jpeg,7
/home/arvc/Marcos/TRIPLET_NETWORKS/DATASETS/FRIBURGO/Validacion/ST-A/t1152904897.372407_x-13.569135_y-2.518438_a0.156169.jpeg,7
/home/arvc/Marcos/TRIPLET_NETWORKS/DATASETS/FRIBURGO/Validacion/ST-A/t1152904895.332281_x-14.041868_y-2.586754_a0.176346.jpeg,7
/home/arvc/Marcos/TRIPLET_NETWORKS/DATASETS/FRIBURGO/Validacion/ST-A/t1152904954.715991_x-14.508453_y-2.219243_a3.108622.jpeg,7
/home/arvc/Marcos/TRIPLET_NETWORKS/DATASETS/FRIBURGO/Validacion/ST-A/t1152904887.171771_x-15.081824_y-1.608092_a-1.586233.jpeg,7
/home/arvc/Marcos/TRIPLET_NETWORKS/DATASETS/FRIBURGO/Validacion/ST-A/t1152904888.191834_x-15.134285_y-1.875629_a-1.620042.jpeg,7
/home/arvc/Marcos/TRIPLET_NETWORKS/DATASETS/FRIBURGO/Validacion/ST-A/t1152904961.040387_x-15.086209_y-1.605060_a1.458726.jpeg,7
/home/arvc/Marcos/TRIPLET_NETWORKS/DATASETS/FRIBURGO/Validacion/ST-A/t1152904951.856007_x-14.014366_y-2.244906_a3.128107.jpeg,7
/home/arvc/Marcos/TRIPLET_NETWORKS/DATASETS/FRIBURGO/Validacion/ST-A/t1152904894.312216_x-14.275178_y-2.654093_a0.013686.jpeg,7
/home/arvc/Marcos/TRIPLET_NETWORKS/DATASETS/FRIBURGO/Validacion/ST-A/t1152904890.231963_x-15.031881_y-2.320454_a-1.190648.jpeg,7
/home/arvc/Marcos/TRIPLET_NETWORKS/DATASETS/FRIBURGO/Validacion/ST-A/t1152904896.352344_x-13.813248_y-2.554645_a0.165436.jpeg,7
/home/arvc/Marcos/TRIPLET_NETWORKS/DATASETS/FRIBURGO/Validacion/ST-A/t1152904896.556363_x-13.773080_y-2.547483_a0.160988.jpeg,7
/home/arvc/Marcos/TRIPLET_NETWORKS/DATASETS/FRIBURGO/Validacion/ST-A/t1152904960.836379_x-15.095208_y-1.637307_a1.486918.jpeg,7
/home/arvc/Marcos/TRIPLET_NETWORKS/DATASETS/FRIBURGO/Validacion/ST-A/t1152904948.795621_x-13.500666_y-2.253615_a3.123104.jpeg,7
/home/arvc/Marcos/TRIPLET_NETWORKS/DATASETS/FRIBURGO/Validacion/ST-A/t1152904886.151705_x-15.079208_y-1.364549_a-1.589733.jpeg,7
/home/arvc/Marcos/TRIPLET_NETWORKS/DATASETS/FRIBURGO/Validacion/ST-A/t1152904892.272097_x-14.748514_y-2.676524_a-0.820599.jpeg,7
/home/arvc/Marcos/TRIPLET_NETWORKS/DATASETS/FRIBURGO/Validacion/ST-A/t1152904891.252026_x-14.938213_y-2.495733_a-1.127196.jpeg,7
/home/arvc/Marcos/TRIPLET_NETWORKS/DATASETS/FRIBURGO/Validacion/ST-A/t1152904899.412536_x-13.154401_y-2.323575_a0.422749.jpeg,7
/home/arvc/Marcos/TRIPLET_NETWORKS/DATASETS/FRIBURGO/Validacion/ST-A/t1152904958.796246_x-15.116510_y-1.992647_a2.438360.jpeg,7
/home/arvc/Marcos/TRIPLET_NETWORKS/DATASETS/FRIBURGO/Validacion/ST-A/t1152904951.651800_x-13.984025_y-2.245364_a3.127983.jpeg,7
/home/arvc/Marcos/TRIPLET_NETWORKS/DATASETS/FRIBURGO/Validacion/ST-A/t1152904893.292153_x-14.537710_y-2.680050_a-0.245364.jpeg,7
/home/arvc/Marcos/TRIPLET_NETWORKS/DATASETS/FRIBURGO/Validacion/ST-A/t1152904887.375784_x-15.082148_y-1.653247_a-1.584486.jpeg,7
/home/arvc/Marcos/TRIPLET_NETWORKS/DATASETS/FRIBURGO/Validacion/ST-A/t1152904957.980195_x-15.048603_y-2.094378_a2.679395.jpeg,7
/home/arvc/Marcos/TRIPLET_NETWORKS/DATASETS/FRIBURGO/Validacion/ST-A/t1152904890.435980_x-15.009630_y-2.358337_a-1.156331.jpeg,7
/home/arvc/Marcos/TRIPLET_NETWORKS/DATASETS/FRIBURGO/Validacion/TL-A/t1152904909.613173_x-12.473527_y-3.757454_a-1.645027.jpeg,8
/home/arvc/Marcos/TRIPLET_NETWORKS/DATASETS/FRIBURGO/Validacion/TL-A/t1152904918.793745_x-11.690449_y-4.528255_a1.236477.jpeg,8
/home/arvc/Marcos/TRIPLET_NETWORKS/DATASETS/FRIBURGO/Validacion/TL-A/t1152904938.386972_x-12.511732_y-2.651017_a1.625399.jpeg,8
/home/arvc/Marcos/TRIPLET_NETWORKS/DATASETS/FRIBURGO/Validacion/TL-A/t1152904903.492794_x-12.266552_y-2.393599_a-0.509180.jpeg,8
/home/arvc/Marcos/TRIPLET_NETWORKS/DATASETS/FRIBURGO/Validacion/TL-A/t1152904924.918238_x-12.479217_y-3.368461_a1.961763.jpeg,8
/home/arvc/Marcos/TRIPLET_NETWORKS/DATASETS/FRIBURGO/Validacion/TL-A/t1152904914.713492_x-12.372722_y-4.912183_a-1.109402.jpeg,8
/home/arvc/Marcos/TRIPLET_NETWORKS/DATASETS/FRIBURGO/Validacion/TL-A/t1152904911.653300_x-12.491096_y-4.217627_a-1.577637.jpeg,8
/home/arvc/Marcos/TRIPLET_NETWORKS/DATASETS/FRIBURGO/Validacion/TL-A/t1152904917.773883_x-11.728778_y-4.752344_a0.700424.jpeg,8
/home/arvc/Marcos/TRIPLET_NETWORKS/DATASETS/FRIBURGO/Validacion/TL-A/t1152904939.407035_x-12.515756_y-2.588844_a1.627919.jpeg,8
/home/arvc/Marcos/TRIPLET_NETWORKS/DATASETS/FRIBURGO/Validacion/TL-A/t1152904923.898066_x-12.389765_y-3.586446_a1.952451.jpeg,8
/home/arvc/Marcos/TRIPLET_NETWORKS/DATASETS/FRIBURGO/Validacion/TL-A/t1152904921.853939_x-12.185617_y-4.009903_a2.500404.jpeg,8
/home/arvc/Marcos/TRIPLET_NETWORKS/DATASETS/FRIBURGO/Validacion/TL-A/t1152904912.673363_x-12.499628_y-4.451345_a-1.592845.jpeg,8
/home/arvc/Marcos/TRIPLET_NETWORKS/DATASETS/FRIBURGO/Validacion/TL-A/t1152904906.552982_x-12.356127_y-3.068326_a-2.000155.jpeg,8
/home/arvc/Marcos/TRIPLET_NETWORKS/DATASETS/FRIBURGO/Validacion/TL-A/t1152904909.817185_x-12.480113_y-3.805893_a-1.645900.jpeg,8
/home/arvc/Marcos/TRIPLET_NETWORKS/DATASETS/FRIBURGO/Validacion/TL-A/t1152904922.874001_x-12.321841_y-3.785902_a2.209833.jpeg,8
/home/arvc/Marcos/TRIPLET_NETWORKS/DATASETS/FRIBURGO/Validacion/TL-A/t1152904943.491332_x-12.784251_y-2.246326_a2.638267.jpeg,8
/home/arvc/Marcos/TRIPLET_NETWORKS/DATASETS/FRIBURGO/Validacion/TL-A/t1152904926.958446_x-12.489136_y-3.122640_a1.633733.jpeg,8
/home/arvc/Marcos/TRIPLET_NETWORKS/DATASETS/FRIBURGO/Validacion/TL-A/t1152904928.998387_x-12.512096_y-2.865407_a1.627816.jpeg,8
/home/arvc/Marcos/TRIPLET_NETWORKS/DATASETS/FRIBURGO/Validacion/TL-A/t1152904945.531418_x-13.045624_y-2.263733_a3.014098.jpeg,8
/home/arvc/Marcos/TRIPLET_NETWORKS/DATASETS/FRIBURGO/Validacion/TL-A/t1152904916.753818_x-11.886529_y-4.946045_a0.096229.jpeg,8
/home/arvc/Marcos/TRIPLET_NETWORKS/DATASETS/FRIBURGO/Validacion/TL-A/t1152904937.367094_x-12.511615_y-2.682655_a1.626756.jpeg,8
/home/arvc/Marcos/TRIPLET_NETWORKS/DATASETS/FRIBURGO/Validacion/TL-A/t1152904901.452663_x-12.699073_y-2.258135_a0.194930.jpeg,8
/home/arvc/Marcos/TRIPLET_NETWORKS/DATASETS/FRIBURGO/Validacion/TL-A/t1152904900.432796_x-12.949221_y-2.302135_a0.199159.jpeg,8
/home/arvc/Marcos/TRIPLET_NETWORKS/DATASETS/FRIBURGO/Validacion/TL-A/t1152904919.813810_x-11.782184_y-4.272164_a1.883941.jpeg,8
/home/arvc/Marcos/TRIPLET_NETWORKS/DATASETS/FRIBURGO/Validacion/TL-A/t1152904944.511412_x-12.914748_y-2.275252_a2.964021.jpeg,8
/home/arvc/Marcos/TRIPLET_NETWORKS/DATASETS/FRIBURGO/Validacion/TL-A/t1152904904.512855_x-12.180386_y-2.646285_a-1.105323.jpeg,8
/home/arvc/Marcos/TRIPLET_NETWORKS/DATASETS/FRIBURGO/Validacion/TL-A/t1152904907.573235_x-12.447774_y-3.265632_a-1.976926.jpeg,8
/home/arvc/Marcos/TRIPLET_NETWORKS/DATASETS/FRIBURGO/Validacion/TL-A/t1152904942.467226_x-12.600850_y-2.253946_a1.865748.jpeg,8
/home/arvc/Marcos/TRIPLET_NETWORKS/DATASETS/FRIBURGO/Validacion/TL-A/t1152904902.472726_x-12.483516_y-2.246741_a0.062316.jpeg,8
/home/arvc/Marcos/TRIPLET_NETWORKS/DATASETS/FRIBURGO/Validacion/TL-A/t1152904940.427098_x-12.519063_y-2.493252_a1.619369.jpeg,8
/home/arvc/Marcos/TRIPLET_NETWORKS/DATASETS/FRIBURGO/Validacion/TL-A/t1152904927.978320_x-12.504934_y-2.997225_a1.634150.jpeg,8
/home/arvc/Marcos/TRIPLET_NETWORKS/DATASETS/FRIBURGO/Validacion/TL-A/t1152904910.633239_x-12.499177_y-3.995262_a-1.657408.jpeg,8
/home/arvc/Marcos/TRIPLET_NETWORKS/DATASETS/FRIBURGO/Validacion/TL-A/t1152904941.447165_x-12.539397_y-2.365617_a1.632165.jpeg,8
/home/arvc/Marcos/TRIPLET_NETWORKS/DATASETS/FRIBURGO/Validacion/TL-A/t1152904908.593109_x-12.455960_y-3.523211_a-1.715692.jpeg,8
/home/arvc/Marcos/TRIPLET_NETWORKS/DATASETS/FRIBURGO/Validacion/TL-A/t1152904913.693435_x-12.481454_y-4.700893_a-1.500981.jpeg,8
/home/arvc/Marcos/TRIPLET_NETWORKS/DATASETS/FRIBURGO/Validacion/TL-A/t1152904915.733555_x-12.133484_y-4.997583_a-0.472322.jpeg,8
/home/arvc/Marcos/TRIPLET_NETWORKS/DATASETS/FRIBURGO/Validacion/TL-A/t1152904925.938197_x-12.508050_y-3.250871_a1.866803.jpeg,8
/home/arvc/Marcos/TRIPLET_NETWORKS/DATASETS/FRIBURGO/Validacion/TL-A/t1152904937.570919_x-12.511719_y-2.681049_a1.626467.jpeg,8
/home/arvc/Marcos/TRIPLET_NETWORKS/DATASETS/FRIBURGO/Validacion/TL-A/t1152904920.833873_x-11.984036_y-4.158965_a2.441240.jpeg,8
/home/arvc/Marcos/TRIPLET_NETWORKS/DATASETS/FRIBURGO/Validacion/TL-A/t1152904905.532918_x-12.237429_y-2.856638_a-1.672880.jpeg,8
