Img,Idx Room,Coord X,Coord Y
/home/arvc/Marcos/TRIPLET_NETWORKS/DATASETS/FRIBURGO/Entrenamiento/1PO-A/t1152904757.543670_x-10.279707_y3.264208_a-0.308918.jpeg,0,-10.279707,3.264208
/home/arvc/Marcos/TRIPLET_NETWORKS/DATASETS/FRIBURGO/Entrenamiento/1PO-A/t1152904727.757808_x-9.115151_y3.019113_a3.096968.jpeg,0,-9.115151,3.019113
/home/arvc/Marcos/TRIPLET_NETWORKS/DATASETS/FRIBURGO/Entrenamiento/1PO-A/t1152904730.818111_x-9.646496_y3.061825_a3.091207.jpeg,0,-9.646496,3.061825
/home/arvc/Marcos/TRIPLET_NETWORKS/DATASETS/FRIBURGO/Entrenamiento/1PO-A/t1152904726.737744_x-8.942838_y3.026103_a3.102156.jpeg,0,-8.942838,3.026103
/home/arvc/Marcos/TRIPLET_NETWORKS/DATASETS/FRIBURGO/Entrenamiento/1PO-A/t1152904759.583796_x-9.978476_y3.172651_a-0.261730.jpeg,0,-9.978476,3.172651
/home/arvc/Marcos/TRIPLET_NETWORKS/DATASETS/FRIBURGO/Entrenamiento/1PO-A/t1152904733.878192_x-10.145912_y3.133690_a2.983836.jpeg,0,-10.145912,3.13369
/home/arvc/Marcos/TRIPLET_NETWORKS/DATASETS/FRIBURGO/Entrenamiento/1PO-A/t1152904746.118957_x-11.200222_y4.086536_a0.749801.jpeg,0,-11.200222,4.086536
/home/arvc/Marcos/TRIPLET_NETWORKS/DATASETS/FRIBURGO/Entrenamiento/1PO-A/t1152904737.958446_x-10.907356_y3.357205_a2.836829.jpeg,0,-10.907356,3.357205
/home/arvc/Marcos/TRIPLET_NETWORKS/DATASETS/FRIBURGO/Entrenamiento/1PO-A/t1152904761.623925_x-9.688006_y3.103111_a-0.243758.jpeg,0,-9.688006,3.103111
/home/arvc/Marcos/TRIPLET_NETWORKS/DATASETS/FRIBURGO/Entrenamiento/1PO-A/t1152904756.523605_x-10.391655_y3.304297_a-0.345985.jpeg,0,-10.391655,3.304297
/home/arvc/Marcos/TRIPLET_NETWORKS/DATASETS/FRIBURGO/Entrenamiento/1PO-A/t1152904760.603861_x-9.840275_y3.140726_a-0.243216.jpeg,0,-9.840275,3.140726
/home/arvc/Marcos/TRIPLET_NETWORKS/DATASETS/FRIBURGO/Entrenamiento/1PO-A/t1152904764.688201_x-9.246829_y3.003130_a-0.198755.jpeg,0,-9.246829,3.00313
/home/arvc/Marcos/TRIPLET_NETWORKS/DATASETS/FRIBURGO/Entrenamiento/1PO-A/t1152904750.403223_x-11.080844_y3.726778_a-0.700025.jpeg,0,-11.080844,3.726778
/home/arvc/Marcos/TRIPLET_NETWORKS/DATASETS/FRIBURGO/Entrenamiento/1PO-A/t1152904763.664051_x-9.403319_y3.030695_a-0.248188.jpeg,0,-9.403319,3.030695
/home/arvc/Marcos/TRIPLET_NETWORKS/DATASETS/FRIBURGO/Entrenamiento/1PO-A/t1152904736.938381_x-10.663848_y3.282096_a2.849172.jpeg,0,-10.663848,3.282096
/home/arvc/Marcos/TRIPLET_NETWORKS/DATASETS/FRIBURGO/Entrenamiento/1PO-A/t1152904741.018735_x-11.365572_y3.713446_a2.207122.jpeg,0,-11.365572,3.713446
/home/arvc/Marcos/TRIPLET_NETWORKS/DATASETS/FRIBURGO/Entrenamiento/1PO-A/t1152904743.058763_x-11.318604_y4.132654_a1.475130.jpeg,0,-11.318604,4.132654
/home/arvc/Marcos/TRIPLET_NETWORKS/DATASETS/FRIBURGO/Entrenamiento/1PO-A/t1152904742.038701_x-11.379874_y3.942018_a1.774106.jpeg,0,-11.379874,3.942018
/home/arvc/Marcos/TRIPLET_NETWORKS/DATASETS/FRIBURGO/Entrenamiento/1PO-A/t1152904731.838249_x-9.801618_y3.070873_a3.085944.jpeg,0,-9.801618,3.070873
/home/arvc/Marcos/TRIPLET_NETWORKS/DATASETS/FRIBURGO/Entrenamiento/1PO-A/t1152904747.343031_x-11.152461_y3.941173_a-0.054115.jpeg,0,-11.152461,3.941173
/home/arvc/Marcos/TRIPLET_NETWORKS/DATASETS/FRIBURGO/Entrenamiento/1PO-A/t1152904744.078828_x-11.311762_y4.147434_a1.449018.jpeg,0,-11.311762,4.147434
/home/arvc/Marcos/TRIPLET_NETWORKS/DATASETS/FRIBURGO/Entrenamiento/1PO-A/t1152904734.898253_x-10.319072_y3.177659_a2.893698.jpeg,0,-10.319072,3.177659
/home/arvc/Marcos/TRIPLET_NETWORKS/DATASETS/FRIBURGO/Entrenamiento/1PO-A/t1152904749.383265_x-11.156483_y3.800534_a-0.662244.jpeg,0,-11.156483,3.800534
/home/arvc/Marcos/TRIPLET_NETWORKS/DATASETS/FRIBURGO/Entrenamiento/1PO-A/t1152904751.423385_x-10.966634_y3.638386_a-0.687917.jpeg,0,-10.966634,3.638386
/home/arvc/Marcos/TRIPLET_NETWORKS/DATASETS/FRIBURGO/Entrenamiento/1PO-A/t1152904738.978510_x-11.116569_y3.426665_a2.815445.jpeg,0,-11.116569,3.426665
/home/arvc/Marcos/TRIPLET_NETWORKS/DATASETS/FRIBURGO/Entrenamiento/1PO-A/t1152904754.483478_x-10.692480_y3.424492_a-0.687607.jpeg,0,-10.69248,3.424492
/home/arvc/Marcos/TRIPLET_NETWORKS/DATASETS/FRIBURGO/Entrenamiento/1PO-A/t1152904767.748409_x-8.802967_y2.896259_a-0.201738.jpeg,0,-8.802967,2.896259
/home/arvc/Marcos/TRIPLET_NETWORKS/DATASETS/FRIBURGO/Entrenamiento/1PO-A/t1152904725.717681_x-8.785073_y3.018141_a3.105475.jpeg,0,-8.785073,3.018141
/home/arvc/Marcos/TRIPLET_NETWORKS/DATASETS/FRIBURGO/Entrenamiento/1PO-A/t1152904766.728246_x-8.963435_y2.916006_a-0.291854.jpeg,0,-8.963435,2.916006
/home/arvc/Marcos/TRIPLET_NETWORKS/DATASETS/FRIBURGO/Entrenamiento/1PO-A/t1152904735.918316_x-10.479821_y3.231285_a2.848723.jpeg,0,-10.479821,3.231285
/home/arvc/Marcos/TRIPLET_NETWORKS/DATASETS/FRIBURGO/Entrenamiento/1PO-A/t1152904724.697616_x-8.611224_y3.013103_a3.105258.jpeg,0,-8.611224,3.013103
/home/arvc/Marcos/TRIPLET_NETWORKS/DATASETS/FRIBURGO/Entrenamiento/1PO-A/t1152904745.098892_x-11.255659_y4.135959_a1.163449.jpeg,0,-11.255659,4.135959
/home/arvc/Marcos/TRIPLET_NETWORKS/DATASETS/FRIBURGO/Entrenamiento/1PO-A/t1152904755.503540_x-10.570974_y3.328850_a-0.662964.jpeg,0,-10.570974,3.32885
/home/arvc/Marcos/TRIPLET_NETWORKS/DATASETS/FRIBURGO/Entrenamiento/1PO-A/t1152904752.443542_x-10.858906_y3.556339_a-0.671240.jpeg,0,-10.858906,3.556339
/home/arvc/Marcos/TRIPLET_NETWORKS/DATASETS/FRIBURGO/Entrenamiento/1PO-A/t1152904753.463421_x-10.780817_y3.495038_a-0.685845.jpeg,0,-10.780817,3.495038
/home/arvc/Marcos/TRIPLET_NETWORKS/DATASETS/FRIBURGO/Entrenamiento/1PO-A/t1152904732.858126_x-9.984551_y3.096994_a3.079215.jpeg,0,-9.984551,3.096994
/home/arvc/Marcos/TRIPLET_NETWORKS/DATASETS/FRIBURGO/Entrenamiento/1PO-A/t1152904729.797937_x-9.464893_y3.048359_a3.102251.jpeg,0,-9.464893,3.048359
/home/arvc/Marcos/TRIPLET_NETWORKS/DATASETS/FRIBURGO/Entrenamiento/1PO-A/t1152904765.708218_x-9.107639_y2.958217_a-0.275640.jpeg,0,-9.107639,2.958217
/home/arvc/Marcos/TRIPLET_NETWORKS/DATASETS/FRIBURGO/Entrenamiento/1PO-A/t1152904762.643988_x-9.530140_y3.064706_a-0.241941.jpeg,0,-9.53014,3.064706
/home/arvc/Marcos/TRIPLET_NETWORKS/DATASETS/FRIBURGO/Entrenamiento/1PO-A/t1152904758.563737_x-10.129405_y3.212592_a-0.309988.jpeg,0,-10.129405,3.212592
/home/arvc/Marcos/TRIPLET_NETWORKS/DATASETS/FRIBURGO/Entrenamiento/1PO-A/t1152904768.768371_x-8.640943_y2.861793_a-0.209387.jpeg,0,-8.640943,2.861793
/home/arvc/Marcos/TRIPLET_NETWORKS/DATASETS/FRIBURGO/Entrenamiento/1PO-A/t1152904748.363097_x-11.191043_y3.836945_a-0.620693.jpeg,0,-11.191043,3.836945
/home/arvc/Marcos/TRIPLET_NETWORKS/DATASETS/FRIBURGO/Entrenamiento/1PO-A/t1152904728.777871_x-9.314761_y3.042838_a3.095662.jpeg,0,-9.314761,3.042838
/home/arvc/Marcos/TRIPLET_NETWORKS/DATASETS/FRIBURGO/Entrenamiento/1PO-A/t1152904739.998574_x-11.289677_y3.538626_a2.626339.jpeg,0,-11.289677,3.538626
/home/arvc/Marcos/TRIPLET_NETWORKS/DATASETS/FRIBURGO/Entrenamiento/2PO1-A/t1152904687.975418_x-5.802862_y-1.624078_a1.619848.jpeg,1,-5.802862,-1.624078
/home/arvc/Marcos/TRIPLET_NETWORKS/DATASETS/FRIBURGO/Entrenamiento/2PO1-A/t1152904667.326033_x-5.623727_y-4.743636_a1.578063.jpeg,1,-5.623727,-4.743636
/home/arvc/Marcos/TRIPLET_NETWORKS/DATASETS/FRIBURGO/Entrenamiento/2PO1-A/t1152904685.891192_x-5.786597_y-1.964202_a1.629268.jpeg,1,-5.786597,-1.964202
/home/arvc/Marcos/TRIPLET_NETWORKS/DATASETS/FRIBURGO/Entrenamiento/2PO1-A/t1152904673.650426_x-5.687195_y-4.017482_a1.617932.jpeg,1,-5.687195,-4.017482
/home/arvc/Marcos/TRIPLET_NETWORKS/DATASETS/FRIBURGO/Entrenamiento/2PO1-A/t1152904679.770807_x-5.719664_y-3.002149_a1.580585.jpeg,1,-5.719664,-3.002149
/home/arvc/Marcos/TRIPLET_NETWORKS/DATASETS/FRIBURGO/Entrenamiento/2PO1-A/t1152904644.752619_x-5.848242_y-2.482751_a-1.581783.jpeg,1,-5.848242,-2.482751
/home/arvc/Marcos/TRIPLET_NETWORKS/DATASETS/FRIBURGO/Entrenamiento/2PO1-A/t1152904662.093707_x-5.421712_y-4.934321_a0.050667.jpeg,1,-5.421712,-4.934321
/home/arvc/Marcos/TRIPLET_NETWORKS/DATASETS/FRIBURGO/Entrenamiento/2PO1-A/t1152904653.933196_x-5.713185_y-4.477805_a-1.472782.jpeg,1,-5.713185,-4.477805
/home/arvc/Marcos/TRIPLET_NETWORKS/DATASETS/FRIBURGO/Entrenamiento/2PO1-A/t1152904669.570170_x-5.653713_y-4.566483_a1.661916.jpeg,1,-5.653713,-4.566483
/home/arvc/Marcos/TRIPLET_NETWORKS/DATASETS/FRIBURGO/Entrenamiento/2PO1-A/t1152904674.670489_x-5.691895_y-3.881585_a1.614669.jpeg,1,-5.691895,-3.881585
/home/arvc/Marcos/TRIPLET_NETWORKS/DATASETS/FRIBURGO/Entrenamiento/2PO1-A/t1152904647.812813_x-5.848094_y-3.114531_a-1.486542.jpeg,1,-5.848094,-3.114531
/home/arvc/Marcos/TRIPLET_NETWORKS/DATASETS/FRIBURGO/Entrenamiento/2PO1-A/t1152904663.113768_x-5.440218_y-4.872076_a0.369888.jpeg,1,-5.440218,-4.872076
/home/arvc/Marcos/TRIPLET_NETWORKS/DATASETS/FRIBURGO/Entrenamiento/2PO1-A/t1152904661.073741_x-5.430431_y-5.013800_a-0.354704.jpeg,1,-5.430431,-5.0138
/home/arvc/Marcos/TRIPLET_NETWORKS/DATASETS/FRIBURGO/Entrenamiento/2PO1-A/t1152904648.832875_x-5.831050_y-3.302424_a-1.484603.jpeg,1,-5.83105,-3.302424
/home/arvc/Marcos/TRIPLET_NETWORKS/DATASETS/FRIBURGO/Entrenamiento/2PO1-A/t1152904660.053578_x-5.469068_y-5.075957_a-0.727145.jpeg,1,-5.469068,-5.075957
/home/arvc/Marcos/TRIPLET_NETWORKS/DATASETS/FRIBURGO/Entrenamiento/2PO1-A/t1152904675.690553_x-5.697465_y-3.691148_a1.600965.jpeg,1,-5.697465,-3.691148
/home/arvc/Marcos/TRIPLET_NETWORKS/DATASETS/FRIBURGO/Entrenamiento/2PO1-A/t1152904650.873001_x-5.784345_y-3.781189_a-1.480232.jpeg,1,-5.784345,-3.781189
/home/arvc/Marcos/TRIPLET_NETWORKS/DATASETS/FRIBURGO/Entrenamiento/2PO1-A/t1152904642.712491_x-5.833565_y-2.090267_a-1.564730.jpeg,1,-5.833565,-2.090267
/home/arvc/Marcos/TRIPLET_NETWORKS/DATASETS/FRIBURGO/Entrenamiento/2PO1-A/t1152904641.692432_x-5.838326_y-1.865496_a-1.646761.jpeg,1,-5.838326,-1.865496
/home/arvc/Marcos/TRIPLET_NETWORKS/DATASETS/FRIBURGO/Entrenamiento/2PO1-A/t1152904654.953359_x-5.683874_y-4.722107_a-1.451935.jpeg,1,-5.683874,-4.722107
/home/arvc/Marcos/TRIPLET_NETWORKS/DATASETS/FRIBURGO/Entrenamiento/2PO1-A/t1152904676.710654_x-5.699742_y-3.489567_a1.581107.jpeg,1,-5.699742,-3.489567
/home/arvc/Marcos/TRIPLET_NETWORKS/DATASETS/FRIBURGO/Entrenamiento/2PO1-A/t1152904684.871126_x-5.776328_y-2.132366_a1.626185.jpeg,1,-5.776328,-2.132366
/home/arvc/Marcos/TRIPLET_NETWORKS/DATASETS/FRIBURGO/Entrenamiento/2PO1-A/t1152904658.013450_x-5.590884_y-5.138791_a-1.409379.jpeg,1,-5.590884,-5.138791
/home/arvc/Marcos/TRIPLET_NETWORKS/DATASETS/FRIBURGO/Entrenamiento/2PO1-A/t1152904686.911296_x-5.795449_y-1.799731_a1.627223.jpeg,1,-5.795449,-1.799731
/home/arvc/Marcos/TRIPLET_NETWORKS/DATASETS/FRIBURGO/Entrenamiento/2PO1-A/t1152904678.750746_x-5.706834_y-3.164437_a1.584504.jpeg,1,-5.706834,-3.164437
/home/arvc/Marcos/TRIPLET_NETWORKS/DATASETS/FRIBURGO/Entrenamiento/2PO1-A/t1152904682.831000_x-5.757280_y-2.472224_a1.639925.jpeg,1,-5.75728,-2.472224
/home/arvc/Marcos/TRIPLET_NETWORKS/DATASETS/FRIBURGO/Entrenamiento/2PO1-A/t1152904665.285903_x-5.541660_y-4.760387_a1.145928.jpeg,1,-5.54166,-4.760387
/home/arvc/Marcos/TRIPLET_NETWORKS/DATASETS/FRIBURGO/Entrenamiento/2PO1-A/t1152904683.851062_x-5.768272_y-2.317830_a1.640443.jpeg,1,-5.768272,-2.31783
/home/arvc/Marcos/TRIPLET_NETWORKS/DATASETS/FRIBURGO/Entrenamiento/2PO1-A/t1152904652.913130_x-5.734504_y-4.243765_a-1.482471.jpeg,1,-5.734504,-4.243765
/home/arvc/Marcos/TRIPLET_NETWORKS/DATASETS/FRIBURGO/Entrenamiento/2PO1-A/t1152904645.772684_x-5.851364_y-2.706937_a-1.583317.jpeg,1,-5.851364,-2.706937
/home/arvc/Marcos/TRIPLET_NETWORKS/DATASETS/FRIBURGO/Entrenamiento/2PO1-A/t1152904677.730682_x-5.705178_y-3.339120_a1.586920.jpeg,1,-5.705178,-3.33912
/home/arvc/Marcos/TRIPLET_NETWORKS/DATASETS/FRIBURGO/Entrenamiento/2PO1-A/t1152904668.550107_x-5.634781_y-4.693017_a1.628748.jpeg,1,-5.634781,-4.693017
/home/arvc/Marcos/TRIPLET_NETWORKS/DATASETS/FRIBURGO/Entrenamiento/2PO1-A/t1152904681.810935_x-5.744955_y-2.650998_a1.639778.jpeg,1,-5.744955,-2.650998
/home/arvc/Marcos/TRIPLET_NETWORKS/DATASETS/FRIBURGO/Entrenamiento/2PO1-A/t1152904643.732558_x-5.839302_y-2.255717_a-1.580067.jpeg,1,-5.839302,-2.255717
/home/arvc/Marcos/TRIPLET_NETWORKS/DATASETS/FRIBURGO/Entrenamiento/2PO1-A/t1152904671.610504_x-5.672430_y-4.335929_a1.654594.jpeg,1,-5.67243,-4.335929
/home/arvc/Marcos/TRIPLET_NETWORKS/DATASETS/FRIBURGO/Entrenamiento/2PO1-A/t1152904680.791078_x-5.733124_y-2.798498_a1.627119.jpeg,1,-5.733124,-2.798498
/home/arvc/Marcos/TRIPLET_NETWORKS/DATASETS/FRIBURGO/Entrenamiento/2PO1-A/t1152904656.993388_x-5.594338_y-5.137824_a-1.443641.jpeg,1,-5.594338,-5.137824
/home/arvc/Marcos/TRIPLET_NETWORKS/DATASETS/FRIBURGO/Entrenamiento/2PO1-A/t1152904666.306152_x-5.616713_y-4.745746_a1.531734.jpeg,1,-5.616713,-4.745746
/home/arvc/Marcos/TRIPLET_NETWORKS/DATASETS/FRIBURGO/Entrenamiento/2PO1-A/t1152904672.630364_x-5.680313_y-4.175027_a1.632736.jpeg,1,-5.680313,-4.175027
/home/arvc/Marcos/TRIPLET_NETWORKS/DATASETS/FRIBURGO/Entrenamiento/2PO1-A/t1152904640.672363_x-5.821072_y-1.661065_a-1.651795.jpeg,1,-5.821072,-1.661065
/home/arvc/Marcos/TRIPLET_NETWORKS/DATASETS/FRIBURGO/Entrenamiento/2PO1-A/t1152904651.893069_x-5.763009_y-4.007511_a-1.477329.jpeg,1,-5.763009,-4.007511
/home/arvc/Marcos/TRIPLET_NETWORKS/DATASETS/FRIBURGO/Entrenamiento/2PO1-A/t1152904646.792750_x-5.855137_y-2.893230_a-1.587257.jpeg,1,-5.855137,-2.89323
/home/arvc/Marcos/TRIPLET_NETWORKS/DATASETS/FRIBURGO/Entrenamiento/2PO1-A/t1152904659.033512_x-5.530014_y-5.119172_a-1.088142.jpeg,1,-5.530014,-5.119172
/home/arvc/Marcos/TRIPLET_NETWORKS/DATASETS/FRIBURGO/Entrenamiento/2PO1-A/t1152904664.133831_x-5.482700_y-4.805323_a0.767683.jpeg,1,-5.4827,-4.805323
/home/arvc/Marcos/TRIPLET_NETWORKS/DATASETS/FRIBURGO/Entrenamiento/2PO1-A/t1152904670.590234_x-5.660755_y-4.451135_a1.648309.jpeg,1,-5.660755,-4.451135
/home/arvc/Marcos/TRIPLET_NETWORKS/DATASETS/FRIBURGO/Entrenamiento/2PO1-A/t1152904655.973324_x-5.622753_y-4.945410_a-1.430879.jpeg,1,-5.622753,-4.94541
/home/arvc/Marcos/TRIPLET_NETWORKS/DATASETS/FRIBURGO/Entrenamiento/2PO1-A/t1152904649.852939_x-5.808390_y-3.512147_a-1.477551.jpeg,1,-5.80839,-3.512147
/home/arvc/Marcos/TRIPLET_NETWORKS/DATASETS/FRIBURGO/Entrenamiento/2PO2-A/t1152904712.456851_x-7.587958_y1.731431_a1.509418.jpeg,2,-7.587958,1.731431
/home/arvc/Marcos/TRIPLET_NETWORKS/DATASETS/FRIBURGO/Entrenamiento/2PO2-A/t1152904777.953045_x-7.679395_y2.283332_a-1.646486.jpeg,2,-7.679395,2.283332
/home/arvc/Marcos/TRIPLET_NETWORKS/DATASETS/FRIBURGO/Entrenamiento/2PO2-A/t1152904782.033199_x-7.685489_y1.644702_a-1.574325.jpeg,2,-7.685489,1.644702
/home/arvc/Marcos/TRIPLET_NETWORKS/DATASETS/FRIBURGO/Entrenamiento/2PO2-A/t1152904710.416723_x-7.609684_y1.378247_a1.558607.jpeg,2,-7.609684,1.378247
/home/arvc/Marcos/TRIPLET_NETWORKS/DATASETS/FRIBURGO/Entrenamiento/2PO2-A/t1152904781.013136_x-7.682389_y1.798897_a-1.570672.jpeg,2,-7.682389,1.798897
/home/arvc/Marcos/TRIPLET_NETWORKS/DATASETS/FRIBURGO/Entrenamiento/2PO2-A/t1152904770.808499_x-8.325784_y2.793816_a-0.216032.jpeg,2,-8.325784,2.793816
/home/arvc/Marcos/TRIPLET_NETWORKS/DATASETS/FRIBURGO/Entrenamiento/2PO2-A/t1152904718.577237_x-7.604554_y2.776408_a1.714994.jpeg,2,-7.604554,2.776408
/home/arvc/Marcos/TRIPLET_NETWORKS/DATASETS/FRIBURGO/Entrenamiento/2PO2-A/t1152904777.544918_x-7.654869_y2.326683_a-1.533063.jpeg,2,-7.654869,2.326683
/home/arvc/Marcos/TRIPLET_NETWORKS/DATASETS/FRIBURGO/Entrenamiento/2PO2-A/t1152904708.988751_x-7.642468_y1.150866_a1.816886.jpeg,2,-7.642468,1.150866
/home/arvc/Marcos/TRIPLET_NETWORKS/DATASETS/FRIBURGO/Entrenamiento/2PO2-A/t1152904773.868690_x-7.832570_y2.754991_a-0.033829.jpeg,2,-7.83257,2.754991
/home/arvc/Marcos/TRIPLET_NETWORKS/DATASETS/FRIBURGO/Entrenamiento/2PO2-A/t1152904721.229423_x-8.003630_y2.963256_a2.736091.jpeg,2,-8.00363,2.963256
/home/arvc/Marcos/TRIPLET_NETWORKS/DATASETS/FRIBURGO/Entrenamiento/2PO2-A/t1152904711.436787_x-7.603847_y1.554132_a1.558520.jpeg,2,-7.603847,1.554132
/home/arvc/Marcos/TRIPLET_NETWORKS/DATASETS/FRIBURGO/Entrenamiento/2PO2-A/t1152904713.068922_x-7.583234_y1.819625_a1.511022.jpeg,2,-7.583234,1.819625
/home/arvc/Marcos/TRIPLET_NETWORKS/DATASETS/FRIBURGO/Entrenamiento/2PO2-A/t1152904722.657489_x-8.266974_y3.000385_a3.004640.jpeg,2,-8.266974,3.000385
/home/arvc/Marcos/TRIPLET_NETWORKS/DATASETS/FRIBURGO/Entrenamiento/2PO2-A/t1152904715.517250_x-7.550797_y2.239892_a1.506251.jpeg,2,-7.550797,2.239892
/home/arvc/Marcos/TRIPLET_NETWORKS/DATASETS/FRIBURGO/Entrenamiento/2PO2-A/t1152904769.380408_x-8.534684_y2.839252_a-0.210220.jpeg,2,-8.534684,2.839252
/home/arvc/Marcos/TRIPLET_NETWORKS/DATASETS/FRIBURGO/Entrenamiento/2PO2-A/t1152904774.892754_x-7.672905_y2.743972_a-0.079889.jpeg,2,-7.672905,2.743972
/home/arvc/Marcos/TRIPLET_NETWORKS/DATASETS/FRIBURGO/Entrenamiento/2PO2-A/t1152904779.993072_x-7.688469_y1.951963_a-1.607815.jpeg,2,-7.688469,1.951963
/home/arvc/Marcos/TRIPLET_NETWORKS/DATASETS/FRIBURGO/Entrenamiento/2PO2-A/t1152904785.093583_x-7.689204_y1.151322_a-1.591773.jpeg,2,-7.689204,1.151322
/home/arvc/Marcos/TRIPLET_NETWORKS/DATASETS/FRIBURGO/Entrenamiento/2PO2-A/t1152904723.677551_x-8.440579_y3.017045_a3.026405.jpeg,2,-8.440579,3.017045
/home/arvc/Marcos/TRIPLET_NETWORKS/DATASETS/FRIBURGO/Entrenamiento/2PO2-A/t1152904774.480727_x-7.730847_y2.752532_a-0.035655.jpeg,2,-7.730847,2.752532
/home/arvc/Marcos/TRIPLET_NETWORKS/DATASETS/FRIBURGO/Entrenamiento/2PO2-A/t1152904717.149168_x-7.558690_y2.536161_a1.498048.jpeg,2,-7.55869,2.536161
/home/arvc/Marcos/TRIPLET_NETWORKS/DATASETS/FRIBURGO/Entrenamiento/2PO2-A/t1152904784.073326_x-7.687912_y1.309824_a-1.583951.jpeg,2,-7.687912,1.309824
/home/arvc/Marcos/TRIPLET_NETWORKS/DATASETS/FRIBURGO/Entrenamiento/2PO2-A/t1152904721.637617_x-8.072588_y2.998798_a2.721611.jpeg,2,-8.072588,2.998798
/home/arvc/Marcos/TRIPLET_NETWORKS/DATASETS/FRIBURGO/Entrenamiento/2PO2-A/t1152904781.625174_x-7.684679_y1.708687_a-1.571707.jpeg,2,-7.684679,1.708687
/home/arvc/Marcos/TRIPLET_NETWORKS/DATASETS/FRIBURGO/Entrenamiento/2PO2-A/t1152904775.912818_x-7.562790_y2.613067_a-0.590140.jpeg,2,-7.56279,2.613067
/home/arvc/Marcos/TRIPLET_NETWORKS/DATASETS/FRIBURGO/Entrenamiento/2PO2-A/t1152904717.557172_x-7.555457_y2.595935_a1.495223.jpeg,2,-7.555457,2.595935
/home/arvc/Marcos/TRIPLET_NETWORKS/DATASETS/FRIBURGO/Entrenamiento/2PO2-A/t1152904713.476920_x-7.581327_y1.891085_a1.521090.jpeg,2,-7.581327,1.891085
/home/arvc/Marcos/TRIPLET_NETWORKS/DATASETS/FRIBURGO/Entrenamiento/2PO2-A/t1152904772.848623_x-7.977060_y2.738727_a-0.162074.jpeg,2,-7.97706,2.738727
/home/arvc/Marcos/TRIPLET_NETWORKS/DATASETS/FRIBURGO/Entrenamiento/2PO2-A/t1152904783.053263_x-7.686775_y1.488988_a-1.578755.jpeg,2,-7.686775,1.488988
/home/arvc/Marcos/TRIPLET_NETWORKS/DATASETS/FRIBURGO/Entrenamiento/2PO2-A/t1152904714.496978_x-7.564134_y2.069436_a1.510303.jpeg,2,-7.564134,2.069436
/home/arvc/Marcos/TRIPLET_NETWORKS/DATASETS/FRIBURGO/Entrenamiento/2PO2-A/t1152904778.973107_x-7.693018_y2.129266_a-1.651427.jpeg,2,-7.693018,2.129266
/home/arvc/Marcos/TRIPLET_NETWORKS/DATASETS/FRIBURGO/Entrenamiento/2PO2-A/t1152904769.788434_x-8.461862_y2.823724_a-0.216032.jpeg,2,-8.461862,2.823724
/home/arvc/Marcos/TRIPLET_NETWORKS/DATASETS/FRIBURGO/Entrenamiento/2PO2-A/t1152904776.932883_x-7.643222_y2.418574_a-1.419418.jpeg,2,-7.643222,2.418574
/home/arvc/Marcos/TRIPLET_NETWORKS/DATASETS/FRIBURGO/Entrenamiento/2PO2-A/t1152904720.617361_x-7.918006_y2.932710_a2.709957.jpeg,2,-7.918006,2.93271
/home/arvc/Marcos/TRIPLET_NETWORKS/DATASETS/FRIBURGO/Entrenamiento/2PO2-A/t1152904716.537105_x-7.553100_y2.431915_a1.503900.jpeg,2,-7.5531,2.431915
/home/arvc/Marcos/TRIPLET_NETWORKS/DATASETS/FRIBURGO/Entrenamiento/2PO2-A/t1152904771.828563_x-8.158947_y2.776669_a-0.164558.jpeg,2,-8.158947,2.776669
/home/arvc/Marcos/TRIPLET_NETWORKS/DATASETS/FRIBURGO/Entrenamiento/2PO2-A/t1152904719.597299_x-7.706567_y2.901715_a2.038818.jpeg,2,-7.706567,2.901715
/home/arvc/Marcos/TRIPLET_NETWORKS/DATASETS/FRIBURGO/Entrenamiento/2PO2-A/t1152904773.460677_x-7.892570_y2.753817_a-0.040838.jpeg,2,-7.89257,2.753817
/home/arvc/Marcos/TRIPLET_NETWORKS/DATASETS/FRIBURGO/Entrenamiento/2PO2-A/t1152904709.396661_x-7.621510_y1.241850_a1.644241.jpeg,2,-7.62151,1.24185
/home/arvc/Marcos/TRIPLET_NETWORKS/DATASETS/FRIBURGO/Entrenamiento/CR-A/t1152904631.487795_x-5.355846_y-0.012420_a-3.064399.jpeg,3,-5.355846,-0.01242
/home/arvc/Marcos/TRIPLET_NETWORKS/DATASETS/FRIBURGO/Entrenamiento/CR-A/t1152904462.009198_x0.453459_y-0.022843_a0.005103.jpeg,3,0.453459,-0.022843
/home/arvc/Marcos/TRIPLET_NETWORKS/DATASETS/FRIBURGO/Entrenamiento/CR-A/t1152904464.049328_x0.791668_y-0.063207_a-0.048566.jpeg,3,0.791668,-0.063207
/home/arvc/Marcos/TRIPLET_NETWORKS/DATASETS/FRIBURGO/Entrenamiento/CR-A/t1152905010.619484_x-5.837081_y-0.412362_a0.059417.jpeg,3,-5.837081,-0.412362
/home/arvc/Marcos/TRIPLET_NETWORKS/DATASETS/FRIBURGO/Entrenamiento/CR-A/t1152904879.623385_x-14.343214_y-0.296409_a3.138688.jpeg,3,-14.343214,-0.296409
/home/arvc/Marcos/TRIPLET_NETWORKS/DATASETS/FRIBURGO/Entrenamiento/CR-A/t1152904693.075731_x-5.865827_y-0.768245_a1.759043.jpeg,3,-5.865827,-0.768245
/home/arvc/Marcos/TRIPLET_NETWORKS/DATASETS/FRIBURGO/Entrenamiento/CR-A/t1152904688.995386_x-5.806167_y-1.447779_a1.607547.jpeg,3,-5.806167,-1.447779
/home/arvc/Marcos/TRIPLET_NETWORKS/DATASETS/FRIBURGO/Entrenamiento/CR-A/t1152904998.186830_x-8.700484_y-0.572750_a0.064562.jpeg,3,-8.700484,-0.57275
/home/arvc/Marcos/TRIPLET_NETWORKS/DATASETS/FRIBURGO/Entrenamiento/CR-A/t1152904869.422662_x-12.021389_y-0.373199_a3.069531.jpeg,3,-12.021389,-0.373199
/home/arvc/Marcos/TRIPLET_NETWORKS/DATASETS/FRIBURGO/Entrenamiento/CR-A/t1152904963.493249_x-15.120389_y-1.172694_a1.622516.jpeg,3,-15.120389,-1.172694
/home/arvc/Marcos/TRIPLET_NETWORKS/DATASETS/FRIBURGO/Entrenamiento/CR-A/t1152904800.394345_x-9.076564_y-0.916545_a-1.900314.jpeg,3,-9.076564,-0.916545
/home/arvc/Marcos/TRIPLET_NETWORKS/DATASETS/FRIBURGO/Entrenamiento/CR-A/t1152904621.283364_x-3.252081_y-0.153794_a3.074474.jpeg,3,-3.252081,-0.153794
/home/arvc/Marcos/TRIPLET_NETWORKS/DATASETS/FRIBURGO/Entrenamiento/CR-A/t1152904609.042389_x-0.220773_y-0.415076_a2.922790.jpeg,3,-0.220773,-0.415076
/home/arvc/Marcos/TRIPLET_NETWORKS/DATASETS/FRIBURGO/Entrenamiento/CR-A/t1152904472.209837_x2.176303_y-0.170446_a-0.076431.jpeg,3,2.176303,-0.170446
/home/arvc/Marcos/TRIPLET_NETWORKS/DATASETS/FRIBURGO/Entrenamiento/CR-A/t1152904603.942070_x0.845089_y-0.635287_a2.928830.jpeg,3,0.845089,-0.635287
/home/arvc/Marcos/TRIPLET_NETWORKS/DATASETS/FRIBURGO/Entrenamiento/CR-A/t1152904475.270129_x2.702933_y-0.209243_a-0.064796.jpeg,3,2.702933,-0.209243
/home/arvc/Marcos/TRIPLET_NETWORKS/DATASETS/FRIBURGO/Entrenamiento/CR-A/t1152904617.202898_x-2.154967_y-0.205773_a3.036291.jpeg,3,-2.154967,-0.205773
/home/arvc/Marcos/TRIPLET_NETWORKS/DATASETS/FRIBURGO/Entrenamiento/CR-A/t1152904984.921880_x-11.857432_y-0.446210_a-0.061560.jpeg,3,-11.857432,-0.44621
/home/arvc/Marcos/TRIPLET_NETWORKS/DATASETS/FRIBURGO/Entrenamiento/CR-A/t1152904463.029263_x0.639265_y-0.045058_a-0.039128.jpeg,3,0.639265,-0.045058
/home/arvc/Marcos/TRIPLET_NETWORKS/DATASETS/FRIBURGO/Entrenamiento/CR-A/t1152905025.076390_x-2.718036_y0.069842_a0.127365.jpeg,3,-2.718036,0.069842
/home/arvc/Marcos/TRIPLET_NETWORKS/DATASETS/FRIBURGO/Entrenamiento/CR-A/t1152904460.989135_x0.336901_y-0.003809_a0.005379.jpeg,3,0.336901,-0.003809
/home/arvc/Marcos/TRIPLET_NETWORKS/DATASETS/FRIBURGO/Entrenamiento/CR-A/t1152904481.390408_x3.731717_y-0.298611_a-0.076769.jpeg,3,3.731717,-0.298611
/home/arvc/Marcos/TRIPLET_NETWORKS/DATASETS/FRIBURGO/Entrenamiento/CR-A/t1152904792.233836_x-8.175130_y0.107883_a-2.253674.jpeg,3,-8.17513,0.107883
/home/arvc/Marcos/TRIPLET_NETWORKS/DATASETS/FRIBURGO/Entrenamiento/CR-A/t1152904974.717264_x-14.075186_y-0.271362_a-0.101340.jpeg,3,-14.075186,-0.271362
/home/arvc/Marcos/TRIPLET_NETWORKS/DATASETS/FRIBURGO/Entrenamiento/CR-A/t1152904858.201960_x-9.372296_y-0.465604_a3.057898.jpeg,3,-9.372296,-0.465604
/home/arvc/Marcos/TRIPLET_NETWORKS/DATASETS/FRIBURGO/Entrenamiento/CR-A/t1152904480.370347_x3.544624_y-0.282961_a-0.069450.jpeg,3,3.544624,-0.282961
/home/arvc/Marcos/TRIPLET_NETWORKS/DATASETS/FRIBURGO/Entrenamiento/CR-A/t1152904987.982070_x-11.208146_y-0.521579_a-0.076089.jpeg,3,-11.208146,-0.521579
/home/arvc/Marcos/TRIPLET_NETWORKS/DATASETS/FRIBURGO/Entrenamiento/CR-A/t1152904702.256215_x-7.081141_y0.187390_a2.629686.jpeg,3,-7.081141,0.18739
/home/arvc/Marcos/TRIPLET_NETWORKS/DATASETS/FRIBURGO/Entrenamiento/CR-A/t1152904478.330222_x3.202104_y-0.241787_a-0.067108.jpeg,3,3.202104,-0.241787
/home/arvc/Marcos/TRIPLET_NETWORKS/DATASETS/FRIBURGO/Entrenamiento/CR-A/t1152904980.837624_x-12.619352_y-0.398158_a-0.024497.jpeg,3,-12.619352,-0.398158
/home/arvc/Marcos/TRIPLET_NETWORKS/DATASETS/FRIBURGO/Entrenamiento/CR-A/t1152904620.263192_x-3.001271_y-0.167888_a3.081309.jpeg,3,-3.001271,-0.167888
/home/arvc/Marcos/TRIPLET_NETWORKS/DATASETS/FRIBURGO/Entrenamiento/CR-A/t1152904696.135831_x-6.158903_y-0.321839_a2.368777.jpeg,3,-6.158903,-0.321839
/home/arvc/Marcos/TRIPLET_NETWORKS/DATASETS/FRIBURGO/Entrenamiento/CR-A/t1152904632.507856_x-5.436626_y-0.064943_a-2.910636.jpeg,3,-5.436626,-0.064943
/home/arvc/Marcos/TRIPLET_NETWORKS/DATASETS/FRIBURGO/Entrenamiento/CR-A/t1152904877.583172_x-13.888299_y-0.303148_a3.141229.jpeg,3,-13.888299,-0.303148
/home/arvc/Marcos/TRIPLET_NETWORKS/DATASETS/FRIBURGO/Entrenamiento/CR-A/t1152904703.276278_x-7.221804_y0.308849_a2.495890.jpeg,3,-7.221804,0.308849
/home/arvc/Marcos/TRIPLET_NETWORKS/DATASETS/FRIBURGO/Entrenamiento/CR-A/t1152904623.323281_x-3.742094_y-0.115135_a3.068380.jpeg,3,-3.742094,-0.115135
/home/arvc/Marcos/TRIPLET_NETWORKS/DATASETS/FRIBURGO/Entrenamiento/CR-A/t1152904700.216292_x-6.735739_y0.006425_a2.629847.jpeg,3,-6.735739,0.006425
/home/arvc/Marcos/TRIPLET_NETWORKS/DATASETS/FRIBURGO/Entrenamiento/CR-A/t1152904994.106453_x-9.653776_y-0.606771_a0.013938.jpeg,3,-9.653776,-0.606771
/home/arvc/Marcos/TRIPLET_NETWORKS/DATASETS/FRIBURGO/Entrenamiento/CR-A/t1152904857.181897_x-9.145137_y-0.460708_a2.601250.jpeg,3,-9.145137,-0.460708
/home/arvc/Marcos/TRIPLET_NETWORKS/DATASETS/FRIBURGO/Entrenamiento/CR-A/t1152904876.563107_x-13.654486_y-0.302575_a-3.133448.jpeg,3,-13.654486,-0.302575
/home/arvc/Marcos/TRIPLET_NETWORKS/DATASETS/FRIBURGO/Entrenamiento/CR-A/t1152904797.334155_x-8.804976_y-0.473904_a-2.393227.jpeg,3,-8.804976,-0.473904
/home/arvc/Marcos/TRIPLET_NETWORKS/DATASETS/FRIBURGO/Entrenamiento/CR-A/t1152904860.242088_x-9.881718_y-0.497656_a-3.118855.jpeg,3,-9.881718,-0.497656
/home/arvc/Marcos/TRIPLET_NETWORKS/DATASETS/FRIBURGO/Entrenamiento/CR-A/t1152904856.161832_x-8.910563_y-0.578289_a2.078277.jpeg,3,-8.910563,-0.578289
/home/arvc/Marcos/TRIPLET_NETWORKS/DATASETS/FRIBURGO/Entrenamiento/CR-A/t1152905020.820123_x-3.668254_y-0.149204_a0.294781.jpeg,3,-3.668254,-0.149204
/home/arvc/Marcos/TRIPLET_NETWORKS/DATASETS/FRIBURGO/Entrenamiento/CR-A/t1152904616.182834_x-1.889323_y-0.241588_a3.032631.jpeg,3,-1.889323,-0.241588
/home/arvc/Marcos/TRIPLET_NETWORKS/DATASETS/FRIBURGO/Entrenamiento/CR-A/t1152905032.216861_x-0.908315_y0.138408_a0.052325.jpeg,3,-0.908315,0.138408
/home/arvc/Marcos/TRIPLET_NETWORKS/DATASETS/FRIBURGO/Entrenamiento/CR-A/t1152905013.679675_x-5.257539_y-0.589856_a-0.380357.jpeg,3,-5.257539,-0.589856
/home/arvc/Marcos/TRIPLET_NETWORKS/DATASETS/FRIBURGO/Entrenamiento/CR-A/t1152904796.314094_x-8.665164_y-0.344699_a-2.391455.jpeg,3,-8.665164,-0.344699
/home/arvc/Marcos/TRIPLET_NETWORKS/DATASETS/FRIBURGO/Entrenamiento/CR-A/t1152905009.599420_x-6.023750_y-0.407045_a0.116124.jpeg,3,-6.02375,-0.407045
/home/arvc/Marcos/TRIPLET_NETWORKS/DATASETS/FRIBURGO/Entrenamiento/CR-A/t1152904983.901815_x-12.069233_y-0.423350_a-0.057071.jpeg,3,-12.069233,-0.42335
/home/arvc/Marcos/TRIPLET_NETWORKS/DATASETS/FRIBURGO/Entrenamiento/CR-A/t1152904697.155896_x-6.257508_y-0.231104_a2.376665.jpeg,3,-6.257508,-0.231104
/home/arvc/Marcos/TRIPLET_NETWORKS/DATASETS/FRIBURGO/Entrenamiento/CR-A/t1152904968.592862_x-15.117649_y-0.318905_a1.554164.jpeg,3,-15.117649,-0.318905
/home/arvc/Marcos/TRIPLET_NETWORKS/DATASETS/FRIBURGO/Entrenamiento/CR-A/t1152904852.081578_x-8.794238_y-1.462453_a1.525917.jpeg,3,-8.794238,-1.462453
/home/arvc/Marcos/TRIPLET_NETWORKS/DATASETS/FRIBURGO/Entrenamiento/CR-A/t1152905034.612985_x-0.475603_y0.157719_a0.034277.jpeg,3,-0.475603,0.157719
/home/arvc/Marcos/TRIPLET_NETWORKS/DATASETS/FRIBURGO/Entrenamiento/CR-A/t1152904547.834568_x2.780483_y-0.078632_a3.007949.jpeg,3,2.780483,-0.078632
/home/arvc/Marcos/TRIPLET_NETWORKS/DATASETS/FRIBURGO/Entrenamiento/CR-A/t1152904554.975009_x2.673055_y-0.061632_a3.005339.jpeg,3,2.673055,-0.061632
/home/arvc/Marcos/TRIPLET_NETWORKS/DATASETS/FRIBURGO/Entrenamiento/CR-A/t1152904549.874886_x2.716233_y-0.063544_a3.004843.jpeg,3,2.716233,-0.063544
/home/arvc/Marcos/TRIPLET_NETWORKS/DATASETS/FRIBURGO/Entrenamiento/CR-A/t1152904559.055265_x2.309355_y-0.064643_a-3.062071.jpeg,3,2.309355,-0.064643
/home/arvc/Marcos/TRIPLET_NETWORKS/DATASETS/FRIBURGO/Entrenamiento/CR-A/t1152904570.275965_x1.223974_y-1.401510_a-1.982767.jpeg,3,1.223974,-1.40151
/home/arvc/Marcos/TRIPLET_NETWORKS/DATASETS/FRIBURGO/Entrenamiento/CR-A/t1152904459.969072_x0.240217_y0.000081_a0.004689.jpeg,3,0.240217,8.1e-05
/home/arvc/Marcos/TRIPLET_NETWORKS/DATASETS/FRIBURGO/Entrenamiento/CR-A/t1152904967.572895_x-15.129441_y-0.467503_a1.606557.jpeg,3,-15.129441,-0.467503
/home/arvc/Marcos/TRIPLET_NETWORKS/DATASETS/FRIBURGO/Entrenamiento/CR-A/t1152904975.737408_x-13.823743_y-0.304300_a-0.107609.jpeg,3,-13.823743,-0.3043
/home/arvc/Marcos/TRIPLET_NETWORKS/DATASETS/FRIBURGO/Entrenamiento/CR-A/t1152904704.296341_x-7.336468_y0.421032_a2.430893.jpeg,3,-7.336468,0.421032
/home/arvc/Marcos/TRIPLET_NETWORKS/DATASETS/FRIBURGO/Entrenamiento/CR-A/t1152904973.697179_x-14.229440_y-0.255348_a-0.095244.jpeg,3,-14.22944,-0.255348
/home/arvc/Marcos/TRIPLET_NETWORKS/DATASETS/FRIBURGO/Entrenamiento/CR-A/t1152905018.779996_x-4.174837_y-0.288826_a0.306552.jpeg,3,-4.174837,-0.288826
/home/arvc/Marcos/TRIPLET_NETWORKS/DATASETS/FRIBURGO/Entrenamiento/CR-A/t1152905026.096455_x-2.458732_y0.075041_a0.074632.jpeg,3,-2.458732,0.075041
/home/arvc/Marcos/TRIPLET_NETWORKS/DATASETS/FRIBURGO/Entrenamiento/CR-A/t1152905023.036262_x-3.163401_y-0.010268_a0.281929.jpeg,3,-3.163401,-0.010268
/home/arvc/Marcos/TRIPLET_NETWORKS/DATASETS/FRIBURGO/Entrenamiento/CR-A/t1152904629.447663_x-5.101719_y0.004280_a3.067798.jpeg,3,-5.101719,0.00428
/home/arvc/Marcos/TRIPLET_NETWORKS/DATASETS/FRIBURGO/Entrenamiento/CR-A/t1152904557.015358_x2.601285_y-0.053265_a3.010304.jpeg,3,2.601285,-0.053265
/home/arvc/Marcos/TRIPLET_NETWORKS/DATASETS/FRIBURGO/Entrenamiento/CR-A/t1152904695.115767_x-5.966250_y-0.462196_a1.951987.jpeg,3,-5.96625,-0.462196
/home/arvc/Marcos/TRIPLET_NETWORKS/DATASETS/FRIBURGO/Entrenamiento/CR-A/t1152905030.176707_x-1.418674_y0.119161_a0.059228.jpeg,3,-1.418674,0.119161
/home/arvc/Marcos/TRIPLET_NETWORKS/DATASETS/FRIBURGO/Entrenamiento/CR-A/t1152904964.512603_x-15.118902_y-0.989596_a1.611206.jpeg,3,-15.118902,-0.989596
/home/arvc/Marcos/TRIPLET_NETWORKS/DATASETS/FRIBURGO/Entrenamiento/CR-A/t1152904799.374282_x-9.045315_y-0.718859_a-2.315770.jpeg,3,-9.045315,-0.718859
/home/arvc/Marcos/TRIPLET_NETWORKS/DATASETS/FRIBURGO/Entrenamiento/CR-A/t1152904803.458584_x-9.007202_y-1.446487_a-1.442002.jpeg,3,-9.007202,-1.446487
/home/arvc/Marcos/TRIPLET_NETWORKS/DATASETS/FRIBURGO/Entrenamiento/CR-A/t1152904791.213781_x-8.063577_y0.225978_a-2.157296.jpeg,3,-8.063577,0.225978
/home/arvc/Marcos/TRIPLET_NETWORKS/DATASETS/FRIBURGO/Entrenamiento/CR-A/t1152904990.022199_x-10.645044_y-0.569780_a-0.091523.jpeg,3,-10.645044,-0.56978
/home/arvc/Marcos/TRIPLET_NETWORKS/DATASETS/FRIBURGO/Entrenamiento/CR-A/t1152904567.215775_x1.474162_y-0.908685_a-2.381947.jpeg,3,1.474162,-0.908685
/home/arvc/Marcos/TRIPLET_NETWORKS/DATASETS/FRIBURGO/Entrenamiento/CR-A/t1152904469.149644_x1.665544_y-0.130272_a-0.074124.jpeg,3,1.665544,-0.130272
/home/arvc/Marcos/TRIPLET_NETWORKS/DATASETS/FRIBURGO/Entrenamiento/CR-A/t1152904790.193709_x-7.961952_y0.377289_a-2.059448.jpeg,3,-7.961952,0.377289
/home/arvc/Marcos/TRIPLET_NETWORKS/DATASETS/FRIBURGO/Entrenamiento/CR-A/t1152904977.777434_x-13.329992_y-0.369159_a-0.081070.jpeg,3,-13.329992,-0.369159
/home/arvc/Marcos/TRIPLET_NETWORKS/DATASETS/FRIBURGO/Entrenamiento/CR-A/t1152904786.113454_x-7.693524_y0.970753_a-1.593578.jpeg,3,-7.693524,0.970753
/home/arvc/Marcos/TRIPLET_NETWORKS/DATASETS/FRIBURGO/Entrenamiento/CR-A/t1152905012.659615_x-5.391894_y-0.495237_a-0.202901.jpeg,3,-5.391894,-0.495237
/home/arvc/Marcos/TRIPLET_NETWORKS/DATASETS/FRIBURGO/Entrenamiento/CR-A/t1152904611.082731_x-0.691974_y-0.360195_a2.998098.jpeg,3,-0.691974,-0.360195
/home/arvc/Marcos/TRIPLET_NETWORKS/DATASETS/FRIBURGO/Entrenamiento/CR-A/t1152904789.173647_x-7.884378_y0.515008_a-2.070960.jpeg,3,-7.884378,0.515008
/home/arvc/Marcos/TRIPLET_NETWORKS/DATASETS/FRIBURGO/Entrenamiento/CR-A/t1152904867.382640_x-11.555695_y-0.406709_a3.084306.jpeg,3,-11.555695,-0.406709
/home/arvc/Marcos/TRIPLET_NETWORKS/DATASETS/FRIBURGO/Entrenamiento/CR-A/t1152905004.499305_x-7.197767_y-0.515155_a0.036529.jpeg,3,-7.197767,-0.515155
/home/arvc/Marcos/TRIPLET_NETWORKS/DATASETS/FRIBURGO/Entrenamiento/CR-A/t1152905002.458975_x-7.691298_y-0.526704_a0.043238.jpeg,3,-7.691298,-0.526704
/home/arvc/Marcos/TRIPLET_NETWORKS/DATASETS/FRIBURGO/Entrenamiento/CR-A/t1152904546.814499_x2.921007_y-0.093349_a3.015232.jpeg,3,2.921007,-0.093349
/home/arvc/Marcos/TRIPLET_NETWORKS/DATASETS/FRIBURGO/Entrenamiento/CR-A/t1152904618.222963_x-2.427376_y-0.193596_a3.102997.jpeg,3,-2.427376,-0.193596
/home/arvc/Marcos/TRIPLET_NETWORKS/DATASETS/FRIBURGO/Entrenamiento/CR-A/t1152904978.797519_x-13.091252_y-0.381794_a-0.016799.jpeg,3,-13.091252,-0.381794
/home/arvc/Marcos/TRIPLET_NETWORKS/DATASETS/FRIBURGO/Entrenamiento/CR-A/t1152904793.253900_x-8.301593_y-0.007018_a-2.371906.jpeg,3,-8.301593,-0.007018
/home/arvc/Marcos/TRIPLET_NETWORKS/DATASETS/FRIBURGO/Entrenamiento/CR-A/t1152904885.743896_x-15.078020_y-1.294114_a-1.590675.jpeg,3,-15.07802,-1.294114
/home/arvc/Marcos/TRIPLET_NETWORKS/DATASETS/FRIBURGO/Entrenamiento/CR-A/t1152904707.356532_x-7.601690_y0.866253_a2.096066.jpeg,3,-7.60169,0.866253
/home/arvc/Marcos/TRIPLET_NETWORKS/DATASETS/FRIBURGO/Entrenamiento/CR-A/t1152904863.302278_x-10.569196_y-0.469529_a3.111165.jpeg,3,-10.569196,-0.469529
/home/arvc/Marcos/TRIPLET_NETWORKS/DATASETS/FRIBURGO/Entrenamiento/CR-A/t1152904610.062451_x-0.468532_y-0.389761_a3.000698.jpeg,3,-0.468532,-0.389761
/home/arvc/Marcos/TRIPLET_NETWORKS/DATASETS/FRIBURGO/Entrenamiento/CR-A/t1152905000.418848_x-8.179153_y-0.539133_a0.044427.jpeg,3,-8.179153,-0.539133
/home/arvc/Marcos/TRIPLET_NETWORKS/DATASETS/FRIBURGO/Entrenamiento/CR-A/t1152904698.176061_x-6.434352_y-0.159825_a2.624770.jpeg,3,-6.434352,-0.159825
/home/arvc/Marcos/TRIPLET_NETWORKS/DATASETS/FRIBURGO/Entrenamiento/CR-A/t1152904468.129589_x1.493769_y-0.114698_a-0.067786.jpeg,3,1.493769,-0.114698
/home/arvc/Marcos/TRIPLET_NETWORKS/DATASETS/FRIBURGO/Entrenamiento/CR-A/t1152904881.663426_x-14.815483_y-0.354975_a-2.930500.jpeg,3,-14.815483,-0.354975
/home/arvc/Marcos/TRIPLET_NETWORKS/DATASETS/FRIBURGO/Entrenamiento/CR-A/t1152904865.342405_x-11.046838_y-0.437286_a3.089551.jpeg,3,-11.046838,-0.437286
/home/arvc/Marcos/TRIPLET_NETWORKS/DATASETS/FRIBURGO/Entrenamiento/CR-A/t1152904562.115456_x2.028236_y-0.391112_a-2.464188.jpeg,3,2.028236,-0.391112
/home/arvc/Marcos/TRIPLET_NETWORKS/DATASETS/FRIBURGO/Entrenamiento/CR-A/t1152904565.175647_x1.706872_y-0.682681_a-2.367302.jpeg,3,1.706872,-0.682681
/home/arvc/Marcos/TRIPLET_NETWORKS/DATASETS/FRIBURGO/Entrenamiento/CR-A/t1152904861.262152_x-10.092656_y-0.484770_a3.111761.jpeg,3,-10.092656,-0.48477
/home/arvc/Marcos/TRIPLET_NETWORKS/DATASETS/FRIBURGO/Entrenamiento/CR-A/t1152904981.857689_x-12.451276_y-0.392034_a-0.043818.jpeg,3,-12.451276,-0.392034
/home/arvc/Marcos/TRIPLET_NETWORKS/DATASETS/FRIBURGO/Entrenamiento/CR-A/t1152904801.414412_x-9.055665_y-1.101591_a-1.628917.jpeg,3,-9.055665,-1.101591
/home/arvc/Marcos/TRIPLET_NETWORKS/DATASETS/FRIBURGO/Entrenamiento/CR-A/t1152904690.015640_x-5.801167_y-1.281194_a1.586325.jpeg,3,-5.801167,-1.281194
/home/arvc/Marcos/TRIPLET_NETWORKS/DATASETS/FRIBURGO/Entrenamiento/CR-A/t1152905016.739870_x-4.607170_y-0.421758_a0.307437.jpeg,3,-4.60717,-0.421758
/home/arvc/Marcos/TRIPLET_NETWORKS/DATASETS/FRIBURGO/Entrenamiento/CR-A/t1152904568.235839_x1.361135_y-1.054709_a-2.284098.jpeg,3,1.361135,-1.054709
/home/arvc/Marcos/TRIPLET_NETWORKS/DATASETS/FRIBURGO/Entrenamiento/CR-A/t1152904474.249963_x2.531717_y-0.200211_a-0.075646.jpeg,3,2.531717,-0.200211
/home/arvc/Marcos/TRIPLET_NETWORKS/DATASETS/FRIBURGO/Entrenamiento/CR-A/t1152905007.559318_x-6.503035_y-0.463717_a0.118801.jpeg,3,-6.503035,-0.463717
/home/arvc/Marcos/TRIPLET_NETWORKS/DATASETS/FRIBURGO/Entrenamiento/CR-A/t1152904607.002261_x0.219733_y-0.515467_a2.931589.jpeg,3,0.219733,-0.515467
/home/arvc/Marcos/TRIPLET_NETWORKS/DATASETS/FRIBURGO/Entrenamiento/CR-A/t1152904608.022324_x-0.014688_y-0.464160_a2.926259.jpeg,3,-0.014688,-0.46416
/home/arvc/Marcos/TRIPLET_NETWORKS/DATASETS/FRIBURGO/Entrenamiento/CR-A/t1152904880.643362_x-14.593570_y-0.294923_a-3.137987.jpeg,3,-14.59357,-0.294923
/home/arvc/Marcos/TRIPLET_NETWORKS/DATASETS/FRIBURGO/Entrenamiento/CR-A/t1152904854.121704_x-8.748881_y-0.991492_a1.513622.jpeg,3,-8.748881,-0.991492
/home/arvc/Marcos/TRIPLET_NETWORKS/DATASETS/FRIBURGO/Entrenamiento/CR-A/t1152904602.922010_x1.130146_y-0.651206_a2.146190.jpeg,3,1.130146,-0.651206
/home/arvc/Marcos/TRIPLET_NETWORKS/DATASETS/FRIBURGO/Entrenamiento/CR-A/t1152905021.840186_x-3.472327_y-0.090111_a0.290160.jpeg,3,-3.472327,-0.090111
/home/arvc/Marcos/TRIPLET_NETWORKS/DATASETS/FRIBURGO/Entrenamiento/CR-A/t1152904864.322342_x-10.822046_y-0.454548_a3.112656.jpeg,3,-10.822046,-0.454548
/home/arvc/Marcos/TRIPLET_NETWORKS/DATASETS/FRIBURGO/Entrenamiento/CR-A/t1152904985.942045_x-11.621804_y-0.467954_a-0.077953.jpeg,3,-11.621804,-0.467954
/home/arvc/Marcos/TRIPLET_NETWORKS/DATASETS/FRIBURGO/Entrenamiento/CR-A/t1152905019.800081_x-3.895490_y-0.215672_a0.300100.jpeg,3,-3.89549,-0.215672
/home/arvc/Marcos/TRIPLET_NETWORKS/DATASETS/FRIBURGO/Entrenamiento/CR-A/t1152904969.612922_x-14.948796_y-0.168405_a0.969790.jpeg,3,-14.948796,-0.168405
/home/arvc/Marcos/TRIPLET_NETWORKS/DATASETS/FRIBURGO/Entrenamiento/CR-A/t1152904976.757486_x-13.547320_y-0.340547_a-0.107114.jpeg,3,-13.54732,-0.340547
/home/arvc/Marcos/TRIPLET_NETWORKS/DATASETS/FRIBURGO/Entrenamiento/CR-A/t1152904598.841754_x1.207401_y-1.458445_a1.506029.jpeg,3,1.207401,-1.458445
/home/arvc/Marcos/TRIPLET_NETWORKS/DATASETS/FRIBURGO/Entrenamiento/CR-A/t1152904622.303219_x-3.503474_y-0.141954_a3.065902.jpeg,3,-3.503474,-0.141954
/home/arvc/Marcos/TRIPLET_NETWORKS/DATASETS/FRIBURGO/Entrenamiento/CR-A/t1152904872.482851_x-12.705644_y-0.327162_a3.079108.jpeg,3,-12.705644,-0.327162
/home/arvc/Marcos/TRIPLET_NETWORKS/DATASETS/FRIBURGO/Entrenamiento/CR-A/t1152904699.196022_x-6.573609_y-0.085033_a2.636747.jpeg,3,-6.573609,-0.085033
/home/arvc/Marcos/TRIPLET_NETWORKS/DATASETS/FRIBURGO/Entrenamiento/CR-A/t1152905031.196775_x-1.159980_y0.129525_a0.055681.jpeg,3,-1.15998,0.129525
/home/arvc/Marcos/TRIPLET_NETWORKS/DATASETS/FRIBURGO/Entrenamiento/CR-A/t1152904997.166646_x-8.912590_y-0.579539_a0.068798.jpeg,3,-8.91259,-0.579539
/home/arvc/Marcos/TRIPLET_NETWORKS/DATASETS/FRIBURGO/Entrenamiento/CR-A/t1152904798.354218_x-8.929014_y-0.591685_a-2.394162.jpeg,3,-8.929014,-0.591685
/home/arvc/Marcos/TRIPLET_NETWORKS/DATASETS/FRIBURGO/Entrenamiento/CR-A/t1152904706.336469_x-7.505702_y0.699270_a2.129396.jpeg,3,-7.505702,0.69927
/home/arvc/Marcos/TRIPLET_NETWORKS/DATASETS/FRIBURGO/Entrenamiento/CR-A/t1152904694.095704_x-5.893815_y-0.624565_a1.769622.jpeg,3,-5.893815,-0.624565
/home/arvc/Marcos/TRIPLET_NETWORKS/DATASETS/FRIBURGO/Entrenamiento/CR-A/t1152904624.343346_x-3.981540_y-0.095057_a3.059195.jpeg,3,-3.98154,-0.095057
/home/arvc/Marcos/TRIPLET_NETWORKS/DATASETS/FRIBURGO/Entrenamiento/CR-A/t1152905017.759930_x-4.397771_y-0.359890_a0.310968.jpeg,3,-4.397771,-0.35989
/home/arvc/Marcos/TRIPLET_NETWORKS/DATASETS/FRIBURGO/Entrenamiento/CR-A/t1152904613.122642_x-1.158074_y-0.311516_a3.064701.jpeg,3,-1.158074,-0.311516
/home/arvc/Marcos/TRIPLET_NETWORKS/DATASETS/FRIBURGO/Entrenamiento/CR-A/t1152904467.109675_x1.305220_y-0.106571_a-0.066110.jpeg,3,1.30522,-0.106571
/home/arvc/Marcos/TRIPLET_NETWORKS/DATASETS/FRIBURGO/Entrenamiento/CR-A/t1152904543.218278_x3.441552_y-0.155684_a3.076542.jpeg,3,3.441552,-0.155684
/home/arvc/Marcos/TRIPLET_NETWORKS/DATASETS/FRIBURGO/Entrenamiento/CR-A/t1152904627.403542_x-4.621666_y-0.035376_a3.067252.jpeg,3,-4.621666,-0.035376
/home/arvc/Marcos/TRIPLET_NETWORKS/DATASETS/FRIBURGO/Entrenamiento/CR-A/t1152905006.539321_x-6.721713_y-0.500984_a0.043921.jpeg,3,-6.721713,-0.500984
/home/arvc/Marcos/TRIPLET_NETWORKS/DATASETS/FRIBURGO/Entrenamiento/CR-A/t1152904561.095393_x2.139252_y-0.282003_a-2.474635.jpeg,3,2.139252,-0.282003
/home/arvc/Marcos/TRIPLET_NETWORKS/DATASETS/FRIBURGO/Entrenamiento/CR-A/t1152904995.126540_x-9.401819_y-0.610653_a0.003375.jpeg,3,-9.401819,-0.610653
/home/arvc/Marcos/TRIPLET_NETWORKS/DATASETS/FRIBURGO/Entrenamiento/CR-A/t1152904563.135519_x1.905963_y-0.475803_a-2.472684.jpeg,3,1.905963,-0.475803
/home/arvc/Marcos/TRIPLET_NETWORKS/DATASETS/FRIBURGO/Entrenamiento/CR-A/t1152904638.632238_x-5.744811_y-1.203997_a-1.603125.jpeg,3,-5.744811,-1.203997
/home/arvc/Marcos/TRIPLET_NETWORKS/DATASETS/FRIBURGO/Entrenamiento/CR-A/t1152904795.294234_x-8.550216_y-0.241480_a-2.386769.jpeg,3,-8.550216,-0.24148
/home/arvc/Marcos/TRIPLET_NETWORKS/DATASETS/FRIBURGO/Entrenamiento/CR-A/t1152904982.877773_x-12.213975_y-0.400666_a-0.056688.jpeg,3,-12.213975,-0.400666
/home/arvc/Marcos/TRIPLET_NETWORKS/DATASETS/FRIBURGO/Entrenamiento/CR-A/t1152904874.522980_x-13.160040_y-0.311029_a3.097123.jpeg,3,-13.16004,-0.311029
/home/arvc/Marcos/TRIPLET_NETWORKS/DATASETS/FRIBURGO/Entrenamiento/CR-A/t1152904986.962036_x-11.451882_y-0.490719_a-0.071528.jpeg,3,-11.451882,-0.490719
/home/arvc/Marcos/TRIPLET_NETWORKS/DATASETS/FRIBURGO/Entrenamiento/CR-A/t1152904566.195905_x1.613197_y-0.771041_a-2.376270.jpeg,3,1.613197,-0.771041
/home/arvc/Marcos/TRIPLET_NETWORKS/DATASETS/FRIBURGO/Entrenamiento/CR-A/t1152904866.362470_x-11.259346_y-0.426109_a3.091107.jpeg,3,-11.259346,-0.426109
/home/arvc/Marcos/TRIPLET_NETWORKS/DATASETS/FRIBURGO/Entrenamiento/CR-A/t1152904873.502919_x-12.946467_y-0.329218_a3.100949.jpeg,3,-12.946467,-0.329218
/home/arvc/Marcos/TRIPLET_NETWORKS/DATASETS/FRIBURGO/Entrenamiento/CR-A/t1152904552.934882_x2.691032_y-0.062222_a3.005399.jpeg,3,2.691032,-0.062222
/home/arvc/Marcos/TRIPLET_NETWORKS/DATASETS/FRIBURGO/Entrenamiento/CR-A/t1152904564.155582_x1.788838_y-0.594236_a-2.368243.jpeg,3,1.788838,-0.594236
/home/arvc/Marcos/TRIPLET_NETWORKS/DATASETS/FRIBURGO/Entrenamiento/CR-A/t1152905027.116516_x-2.201954_y0.091143_a0.065628.jpeg,3,-2.201954,0.091143
/home/arvc/Marcos/TRIPLET_NETWORKS/DATASETS/FRIBURGO/Entrenamiento/CR-A/t1152904628.427230_x-4.861037_y-0.007556_a3.081839.jpeg,3,-4.861037,-0.007556
/home/arvc/Marcos/TRIPLET_NETWORKS/DATASETS/FRIBURGO/Entrenamiento/CR-A/t1152904605.982205_x0.416260_y-0.554379_a2.942198.jpeg,3,0.41626,-0.554379
/home/arvc/Marcos/TRIPLET_NETWORKS/DATASETS/FRIBURGO/Entrenamiento/CR-A/t1152904871.462789_x-12.484047_y-0.346346_a3.058881.jpeg,3,-12.484047,-0.346346
/home/arvc/Marcos/TRIPLET_NETWORKS/DATASETS/FRIBURGO/Entrenamiento/CR-A/t1152904633.527920_x-5.616152_y-0.161374_a-2.705618.jpeg,3,-5.616152,-0.161374
/home/arvc/Marcos/TRIPLET_NETWORKS/DATASETS/FRIBURGO/Entrenamiento/CR-A/t1152904637.612173_x-5.736567_y-0.978040_a-1.590800.jpeg,3,-5.736567,-0.97804
/home/arvc/Marcos/TRIPLET_NETWORKS/DATASETS/FRIBURGO/Entrenamiento/CR-A/t1152904692.055575_x-5.818277_y-0.950753_a1.691042.jpeg,3,-5.818277,-0.950753
/home/arvc/Marcos/TRIPLET_NETWORKS/DATASETS/FRIBURGO/Entrenamiento/CR-A/t1152904859.222213_x-9.632390_y-0.509196_a-3.079900.jpeg,3,-9.63239,-0.509196
/home/arvc/Marcos/TRIPLET_NETWORKS/DATASETS/FRIBURGO/Entrenamiento/CR-A/t1152904625.363408_x-4.188671_y-0.076483_a3.057307.jpeg,3,-4.188671,-0.076483
/home/arvc/Marcos/TRIPLET_NETWORKS/DATASETS/FRIBURGO/Entrenamiento/CR-A/t1152905008.579359_x-6.259296_y-0.434861_a0.114376.jpeg,3,-6.259296,-0.434861
/home/arvc/Marcos/TRIPLET_NETWORKS/DATASETS/FRIBURGO/Entrenamiento/CR-A/t1152904788.153581_x-7.756688_y0.633521_a-1.754724.jpeg,3,-7.756688,0.633521
/home/arvc/Marcos/TRIPLET_NETWORKS/DATASETS/FRIBURGO/Entrenamiento/CR-A/t1152904615.162772_x-1.648847_y-0.264270_a3.043574.jpeg,3,-1.648847,-0.26427
/home/arvc/Marcos/TRIPLET_NETWORKS/DATASETS/FRIBURGO/Entrenamiento/CR-A/t1152905011.639571_x-5.613450_y-0.440747_a-0.076203.jpeg,3,-5.61345,-0.440747
/home/arvc/Marcos/TRIPLET_NETWORKS/DATASETS/FRIBURGO/Entrenamiento/CR-A/t1152904612.102580_x-0.915534_y-0.327307_a3.004543.jpeg,3,-0.915534,-0.327307
/home/arvc/Marcos/TRIPLET_NETWORKS/DATASETS/FRIBURGO/Entrenamiento/CR-A/t1152904470.169710_x1.835643_y-0.148020_a-0.083120.jpeg,3,1.835643,-0.14802
/home/arvc/Marcos/TRIPLET_NETWORKS/DATASETS/FRIBURGO/Entrenamiento/CR-A/t1152905029.156645_x-1.675402_y0.106848_a0.055040.jpeg,3,-1.675402,0.106848
/home/arvc/Marcos/TRIPLET_NETWORKS/DATASETS/FRIBURGO/Entrenamiento/CR-A/t1152904853.101642_x-8.781117_y-1.216899_a1.519515.jpeg,3,-8.781117,-1.216899
/home/arvc/Marcos/TRIPLET_NETWORKS/DATASETS/FRIBURGO/Entrenamiento/CR-A/t1152904993.082492_x-9.886827_y-0.615489_a-0.050230.jpeg,3,-9.886827,-0.615489
/home/arvc/Marcos/TRIPLET_NETWORKS/DATASETS/FRIBURGO/Entrenamiento/CR-A/t1152904466.089649_x1.137066_y-0.095258_a-0.056758.jpeg,3,1.137066,-0.095258
/home/arvc/Marcos/TRIPLET_NETWORKS/DATASETS/FRIBURGO/Entrenamiento/CR-A/t1152904599.861813_x1.257553_y-1.251399_a1.507017.jpeg,3,1.257553,-1.251399
/home/arvc/Marcos/TRIPLET_NETWORKS/DATASETS/FRIBURGO/Entrenamiento/CR-A/t1152905028.136809_x-1.933426_y0.101187_a0.054791.jpeg,3,-1.933426,0.101187
/home/arvc/Marcos/TRIPLET_NETWORKS/DATASETS/FRIBURGO/Entrenamiento/CR-A/t1152905033.300902_x-0.574256_y0.157012_a0.042059.jpeg,3,-0.574256,0.157012
/home/arvc/Marcos/TRIPLET_NETWORKS/DATASETS/FRIBURGO/Entrenamiento/CR-A/t1152904555.995074_x2.666887_y-0.061608_a3.004996.jpeg,3,2.666887,-0.061608
/home/arvc/Marcos/TRIPLET_NETWORKS/DATASETS/FRIBURGO/Entrenamiento/CR-A/t1152904862.282222_x-10.347598_y-0.477835_a3.119648.jpeg,3,-10.347598,-0.477835
/home/arvc/Marcos/TRIPLET_NETWORKS/DATASETS/FRIBURGO/Entrenamiento/CR-A/t1152904991.042285_x-10.389952_y-0.598294_a-0.097200.jpeg,3,-10.389952,-0.598294
/home/arvc/Marcos/TRIPLET_NETWORKS/DATASETS/FRIBURGO/Entrenamiento/CR-A/t1152904870.442726_x-12.243210_y-0.368284_a3.061254.jpeg,3,-12.24321,-0.368284
/home/arvc/Marcos/TRIPLET_NETWORKS/DATASETS/FRIBURGO/Entrenamiento/CR-A/t1152904972.673113_x-14.409459_y-0.244822_a-0.149039.jpeg,3,-14.409459,-0.244822
/home/arvc/Marcos/TRIPLET_NETWORKS/DATASETS/FRIBURGO/Entrenamiento/CR-A/t1152904989.002134_x-10.995806_y-0.550469_a-0.076796.jpeg,3,-10.995806,-0.550469
/home/arvc/Marcos/TRIPLET_NETWORKS/DATASETS/FRIBURGO/Entrenamiento/CR-A/t1152904476.290093_x2.870219_y-0.221455_a-0.070273.jpeg,3,2.870219,-0.221455
/home/arvc/Marcos/TRIPLET_NETWORKS/DATASETS/FRIBURGO/Entrenamiento/CR-A/t1152904883.703561_x-15.083191_y-0.727524_a-2.104534.jpeg,3,-15.083191,-0.727524
/home/arvc/Marcos/TRIPLET_NETWORKS/DATASETS/FRIBURGO/Entrenamiento/CR-A/t1152905014.699770_x-5.007986_y-0.598024_a-0.021293.jpeg,3,-5.007986,-0.598024
/home/arvc/Marcos/TRIPLET_NETWORKS/DATASETS/FRIBURGO/Entrenamiento/CR-A/t1152904708.376597_x-7.621117_y1.045305_a1.863191.jpeg,3,-7.621117,1.045305
/home/arvc/Marcos/TRIPLET_NETWORKS/DATASETS/FRIBURGO/Entrenamiento/CR-A/t1152904878.603235_x-14.125198_y-0.297178_a-3.139617.jpeg,3,-14.125198,-0.297178
/home/arvc/Marcos/TRIPLET_NETWORKS/DATASETS/FRIBURGO/Entrenamiento/CR-A/t1152904560.075327_x2.231602_y-0.164843_a-2.668069.jpeg,3,2.231602,-0.164843
/home/arvc/Marcos/TRIPLET_NETWORKS/DATASETS/FRIBURGO/Entrenamiento/CR-A/t1152904619.243034_x-2.727242_y-0.179432_a3.088086.jpeg,3,-2.727242,-0.179432
/home/arvc/Marcos/TRIPLET_NETWORKS/DATASETS/FRIBURGO/Entrenamiento/CR-A/t1152904639.652302_x-5.786578_y-1.415922_a-1.680240.jpeg,3,-5.786578,-1.415922
/home/arvc/Marcos/TRIPLET_NETWORKS/DATASETS/FRIBURGO/Entrenamiento/CR-A/t1152904701.236153_x-6.910859_y0.087506_a2.625215.jpeg,3,-6.910859,0.087506
/home/arvc/Marcos/TRIPLET_NETWORKS/DATASETS/FRIBURGO/Entrenamiento/CR-A/t1152904634.547981_x-5.712617_y-0.317429_a-2.323830.jpeg,3,-5.712617,-0.317429
/home/arvc/Marcos/TRIPLET_NETWORKS/DATASETS/FRIBURGO/Entrenamiento/CR-A/t1152904600.881877_x1.288543_y-1.038143_a1.499089.jpeg,3,1.288543,-1.038143
/home/arvc/Marcos/TRIPLET_NETWORKS/DATASETS/FRIBURGO/Entrenamiento/CR-A/t1152904614.142709_x-1.403668_y-0.283375_a3.052523.jpeg,3,-1.403668,-0.283375
/home/arvc/Marcos/TRIPLET_NETWORKS/DATASETS/FRIBURGO/Entrenamiento/CR-A/t1152904551.914819_x2.691468_y-0.062700_a3.005139.jpeg,3,2.691468,-0.0627
/home/arvc/Marcos/TRIPLET_NETWORKS/DATASETS/FRIBURGO/Entrenamiento/CR-A/t1152904458.952365_x0.200435_y0.000372_a0.003551.jpeg,3,0.200435,0.000372
/home/arvc/Marcos/TRIPLET_NETWORKS/DATASETS/FRIBURGO/Entrenamiento/CR-A/t1152904802.434473_x-9.015247_y-1.273485_a-1.445473.jpeg,3,-9.015247,-1.273485
/home/arvc/Marcos/TRIPLET_NETWORKS/DATASETS/FRIBURGO/Entrenamiento/CR-A/t1152904691.035512_x-5.779742_y-1.110816_a1.536219.jpeg,3,-5.779742,-1.110816
/home/arvc/Marcos/TRIPLET_NETWORKS/DATASETS/FRIBURGO/Entrenamiento/CR-A/t1152904601.901944_x1.298880_y-0.834148_a1.556848.jpeg,3,1.29888,-0.834148
/home/arvc/Marcos/TRIPLET_NETWORKS/DATASETS/FRIBURGO/Entrenamiento/CR-A/t1152904970.633017_x-14.779833_y-0.152512_a0.460645.jpeg,3,-14.779833,-0.152512
/home/arvc/Marcos/TRIPLET_NETWORKS/DATASETS/FRIBURGO/Entrenamiento/CR-A/t1152904966.552757_x-15.129535_y-0.645293_a1.610790.jpeg,3,-15.129535,-0.645293
/home/arvc/Marcos/TRIPLET_NETWORKS/DATASETS/FRIBURGO/Entrenamiento/CR-A/t1152905005.519165_x-6.964775_y-0.503331_a0.026645.jpeg,3,-6.964775,-0.503331
/home/arvc/Marcos/TRIPLET_NETWORKS/DATASETS/FRIBURGO/Entrenamiento/CR-A/t1152904542.198210_x3.585383_y-0.161546_a3.071957.jpeg,3,3.585383,-0.161546
/home/arvc/Marcos/TRIPLET_NETWORKS/DATASETS/FRIBURGO/Entrenamiento/CR-A/t1152905024.056349_x-2.934184_y0.049251_a0.273965.jpeg,3,-2.934184,0.049251
/home/arvc/Marcos/TRIPLET_NETWORKS/DATASETS/FRIBURGO/Entrenamiento/CR-A/t1152904884.723618_x-15.067540_y-1.044196_a-1.590124.jpeg,3,-15.06754,-1.044196
/home/arvc/Marcos/TRIPLET_NETWORKS/DATASETS/FRIBURGO/Entrenamiento/CR-A/t1152905001.438911_x-7.930866_y-0.529462_a0.040373.jpeg,3,-7.930866,-0.529462
/home/arvc/Marcos/TRIPLET_NETWORKS/DATASETS/FRIBURGO/Entrenamiento/CR-A/t1152904992.062326_x-10.137908_y-0.601999_a-0.055826.jpeg,3,-10.137908,-0.601999
/home/arvc/Marcos/TRIPLET_NETWORKS/DATASETS/FRIBURGO/Entrenamiento/CR-A/t1152904477.310209_x3.046348_y-0.232165_a-0.068359.jpeg,3,3.046348,-0.232165
/home/arvc/Marcos/TRIPLET_NETWORKS/DATASETS/FRIBURGO/Entrenamiento/CR-A/t1152904999.398809_x-8.405767_y-0.547960_a0.053568.jpeg,3,-8.405767,-0.54796
/home/arvc/Marcos/TRIPLET_NETWORKS/DATASETS/FRIBURGO/Entrenamiento/CR-A/t1152904636.592112_x-5.755160_y-0.766433_a-1.719847.jpeg,3,-5.75516,-0.766433
/home/arvc/Marcos/TRIPLET_NETWORKS/DATASETS/FRIBURGO/Entrenamiento/CR-A/t1152904465.069507_x0.966671_y-0.081064_a-0.053810.jpeg,3,0.966671,-0.081064
/home/arvc/Marcos/TRIPLET_NETWORKS/DATASETS/FRIBURGO/Entrenamiento/CR-A/t1152904626.383596_x-4.410664_y-0.056894_a3.053469.jpeg,3,-4.410664,-0.056894
/home/arvc/Marcos/TRIPLET_NETWORKS/DATASETS/FRIBURGO/Entrenamiento/CR-A/t1152904875.543043_x-13.409615_y-0.301207_a-3.129117.jpeg,3,-13.409615,-0.301207
/home/arvc/Marcos/TRIPLET_NETWORKS/DATASETS/FRIBURGO/Entrenamiento/CR-A/t1152904965.532771_x-15.122391_y-0.827036_a1.611937.jpeg,3,-15.122391,-0.827036
/home/arvc/Marcos/TRIPLET_NETWORKS/DATASETS/FRIBURGO/Entrenamiento/CR-A/t1152904630.467922_x-5.326039_y0.025595_a3.065565.jpeg,3,-5.326039,0.025595
/home/arvc/Marcos/TRIPLET_NETWORKS/DATASETS/FRIBURGO/Entrenamiento/CR-A/t1152904544.774371_x3.211545_y-0.125641_a3.036224.jpeg,3,3.211545,-0.125641
/home/arvc/Marcos/TRIPLET_NETWORKS/DATASETS/FRIBURGO/Entrenamiento/CR-A/t1152904787.133522_x-7.702887_y0.809860_a-1.596525.jpeg,3,-7.702887,0.80986
/home/arvc/Marcos/TRIPLET_NETWORKS/DATASETS/FRIBURGO/Entrenamiento/CR-A/t1152904635.568047_x-5.743446_y-0.542870_a-1.872486.jpeg,3,-5.743446,-0.54287
/home/arvc/Marcos/TRIPLET_NETWORKS/DATASETS/FRIBURGO/Entrenamiento/CR-A/t1152904541.178250_x3.764925_y-0.176790_a3.042955.jpeg,3,3.764925,-0.17679
/home/arvc/Marcos/TRIPLET_NETWORKS/DATASETS/FRIBURGO/Entrenamiento/CR-A/t1152904479.350283_x3.383433_y-0.253713_a-0.067853.jpeg,3,3.383433,-0.253713
/home/arvc/Marcos/TRIPLET_NETWORKS/DATASETS/FRIBURGO/Entrenamiento/CR-A/t1152904569.255902_x1.271637_y-1.218345_a-2.146863.jpeg,3,1.271637,-1.218345
/home/arvc/Marcos/TRIPLET_NETWORKS/DATASETS/FRIBURGO/Entrenamiento/CR-A/t1152904545.794435_x3.028899_y-0.103792_a3.023102.jpeg,3,3.028899,-0.103792
/home/arvc/Marcos/TRIPLET_NETWORKS/DATASETS/FRIBURGO/Entrenamiento/CR-A/t1152904548.854627_x2.727631_y-0.064253_a3.004857.jpeg,3,2.727631,-0.064253
/home/arvc/Marcos/TRIPLET_NETWORKS/DATASETS/FRIBURGO/Entrenamiento/CR-A/t1152904971.653051_x-14.576607_y-0.218599_a-0.106524.jpeg,3,-14.576607,-0.218599
/home/arvc/Marcos/TRIPLET_NETWORKS/DATASETS/FRIBURGO/Entrenamiento/CR-A/t1152904473.229901_x2.340932_y-0.187670_a-0.070717.jpeg,3,2.340932,-0.18767
/home/arvc/Marcos/TRIPLET_NETWORKS/DATASETS/FRIBURGO/Entrenamiento/CR-A/t1152905015.720021_x-4.776817_y-0.473685_a0.279676.jpeg,3,-4.776817,-0.473685
/home/arvc/Marcos/TRIPLET_NETWORKS/DATASETS/FRIBURGO/Entrenamiento/CR-A/t1152904979.817561_x-12.873432_y-0.390869_a-0.017467.jpeg,3,-12.873432,-0.390869
/home/arvc/Marcos/TRIPLET_NETWORKS/DATASETS/FRIBURGO/Entrenamiento/CR-A/t1152904855.141769_x-8.774177_y-0.752919_a1.644160.jpeg,3,-8.774177,-0.752919
/home/arvc/Marcos/TRIPLET_NETWORKS/DATASETS/FRIBURGO/Entrenamiento/CR-A/t1152904553.954946_x2.683474_y-0.062027_a3.006916.jpeg,3,2.683474,-0.062027
/home/arvc/Marcos/TRIPLET_NETWORKS/DATASETS/FRIBURGO/Entrenamiento/CR-A/t1152904604.962132_x0.641683_y-0.597879_a2.945153.jpeg,3,0.641683,-0.597879
/home/arvc/Marcos/TRIPLET_NETWORKS/DATASETS/FRIBURGO/Entrenamiento/CR-A/t1152904550.894752_x2.701885_y-0.063649_a3.004354.jpeg,3,2.701885,-0.063649
/home/arvc/Marcos/TRIPLET_NETWORKS/DATASETS/FRIBURGO/Entrenamiento/CR-A/t1152904705.316617_x-7.457868_y0.580267_a2.312467.jpeg,3,-7.457868,0.580267
/home/arvc/Marcos/TRIPLET_NETWORKS/DATASETS/FRIBURGO/Entrenamiento/CR-A/t1152904868.402696_x-11.782937_y-0.391335_a3.078028.jpeg,3,-11.782937,-0.391335
/home/arvc/Marcos/TRIPLET_NETWORKS/DATASETS/FRIBURGO/Entrenamiento/CR-A/t1152904882.683617_x-14.983452_y-0.490731_a-2.543446.jpeg,3,-14.983452,-0.490731
/home/arvc/Marcos/TRIPLET_NETWORKS/DATASETS/FRIBURGO/Entrenamiento/CR-A/t1152905003.479063_x-7.455126_y-0.536899_a0.028246.jpeg,3,-7.455126,-0.536899
/home/arvc/Marcos/TRIPLET_NETWORKS/DATASETS/FRIBURGO/Entrenamiento/CR-A/t1152904471.189774_x1.994608_y-0.161764_a-0.088173.jpeg,3,1.994608,-0.161764
/home/arvc/Marcos/TRIPLET_NETWORKS/DATASETS/FRIBURGO/Entrenamiento/CR-A/t1152904558.035202_x2.465076_y-0.032488_a3.007379.jpeg,3,2.465076,-0.032488
/home/arvc/Marcos/TRIPLET_NETWORKS/DATASETS/FRIBURGO/Entrenamiento/CR-A/t1152904996.146581_x-9.175748_y-0.611054_a0.008636.jpeg,3,-9.175748,-0.611054
/home/arvc/Marcos/TRIPLET_NETWORKS/DATASETS/FRIBURGO/Entrenamiento/CR-A/t1152904794.274066_x-8.418397_y-0.115008_a-2.385171.jpeg,3,-8.418397,-0.115008
/home/arvc/Marcos/TRIPLET_NETWORKS/DATASETS/FRIBURGO/Entrenamiento/KT-A/t1152904848.001321_x-8.828927_y-2.405792_a1.579129.jpeg,4,-8.828927,-2.405792
/home/arvc/Marcos/TRIPLET_NETWORKS/DATASETS/FRIBURGO/Entrenamiento/KT-A/t1152904807.538793_x-8.913872_y-2.220379_a-1.463598.jpeg,4,-8.913872,-2.220379
/home/arvc/Marcos/TRIPLET_NETWORKS/DATASETS/FRIBURGO/Entrenamiento/KT-A/t1152904830.660238_x-8.593775_y-5.060574_a0.333596.jpeg,4,-8.593775,-5.060574
/home/arvc/Marcos/TRIPLET_NETWORKS/DATASETS/FRIBURGO/Entrenamiento/KT-A/t1152904833.720430_x-8.756583_y-4.929790_a1.438070.jpeg,4,-8.756583,-4.92979
/home/arvc/Marcos/TRIPLET_NETWORKS/DATASETS/FRIBURGO/Entrenamiento/KT-A/t1152904839.840813_x-8.803695_y-4.336603_a1.644209.jpeg,4,-8.803695,-4.336603
/home/arvc/Marcos/TRIPLET_NETWORKS/DATASETS/FRIBURGO/Entrenamiento/KT-A/t1152904824.335844_x-8.777393_y-5.333614_a-1.570137.jpeg,4,-8.777393,-5.333614
/home/arvc/Marcos/TRIPLET_NETWORKS/DATASETS/FRIBURGO/Entrenamiento/KT-A/t1152904808.558861_x-8.892685_y-2.441306_a-1.473673.jpeg,4,-8.892685,-2.441306
/home/arvc/Marcos/TRIPLET_NETWORKS/DATASETS/FRIBURGO/Entrenamiento/KT-A/t1152904804.478604_x-8.988059_y-1.605418_a-1.445471.jpeg,4,-8.988059,-1.605418
/home/arvc/Marcos/TRIPLET_NETWORKS/DATASETS/FRIBURGO/Entrenamiento/KT-A/t1152904814.054362_x-8.809233_y-3.500505_a-1.502114.jpeg,4,-8.809233,-3.500505
/home/arvc/Marcos/TRIPLET_NETWORKS/DATASETS/FRIBURGO/Entrenamiento/KT-A/t1152904821.275851_x-8.777753_y-4.850088_a-1.558250.jpeg,4,-8.777753,-4.850088
/home/arvc/Marcos/TRIPLET_NETWORKS/DATASETS/FRIBURGO/Entrenamiento/KT-A/t1152904822.295716_x-8.778880_y-5.053422_a-1.568779.jpeg,4,-8.77888,-5.053422
/home/arvc/Marcos/TRIPLET_NETWORKS/DATASETS/FRIBURGO/Entrenamiento/KT-A/t1152904823.315780_x-8.777444_y-5.270720_a-1.569510.jpeg,4,-8.777444,-5.27072
/home/arvc/Marcos/TRIPLET_NETWORKS/DATASETS/FRIBURGO/Entrenamiento/KT-A/t1152904832.700584_x-8.736208_y-4.933219_a1.335128.jpeg,4,-8.736208,-4.933219
/home/arvc/Marcos/TRIPLET_NETWORKS/DATASETS/FRIBURGO/Entrenamiento/KT-A/t1152904838.820748_x-8.793476_y-4.470873_a1.641244.jpeg,4,-8.793476,-4.470873
/home/arvc/Marcos/TRIPLET_NETWORKS/DATASETS/FRIBURGO/Entrenamiento/KT-A/t1152904841.881057_x-8.830888_y-3.841999_a1.623888.jpeg,4,-8.830888,-3.841999
/home/arvc/Marcos/TRIPLET_NETWORKS/DATASETS/FRIBURGO/Entrenamiento/KT-A/t1152904815.155276_x-8.796480_y-3.704036_a-1.506766.jpeg,4,-8.79648,-3.704036
/home/arvc/Marcos/TRIPLET_NETWORKS/DATASETS/FRIBURGO/Entrenamiento/KT-A/t1152904844.941131_x-8.825820_y-3.136120_a1.589869.jpeg,4,-8.82582,-3.13612
/home/arvc/Marcos/TRIPLET_NETWORKS/DATASETS/FRIBURGO/Entrenamiento/KT-A/t1152904810.598984_x-8.853888_y-2.829607_a-1.491428.jpeg,4,-8.853888,-2.829607
/home/arvc/Marcos/TRIPLET_NETWORKS/DATASETS/FRIBURGO/Entrenamiento/KT-A/t1152904835.760557_x-8.773266_y-4.812772_a1.530969.jpeg,4,-8.773266,-4.812772
/home/arvc/Marcos/TRIPLET_NETWORKS/DATASETS/FRIBURGO/Entrenamiento/KT-A/t1152904846.981259_x-8.827264_y-2.655709_a1.572148.jpeg,4,-8.827264,-2.655709
/home/arvc/Marcos/TRIPLET_NETWORKS/DATASETS/FRIBURGO/Entrenamiento/KT-A/t1152904843.921068_x-8.820009_y-3.360102_a1.598811.jpeg,4,-8.820009,-3.360102
/home/arvc/Marcos/TRIPLET_NETWORKS/DATASETS/FRIBURGO/Entrenamiento/KT-A/t1152904809.578922_x-8.867686_y-2.648392_a-1.481627.jpeg,4,-8.867686,-2.648392
/home/arvc/Marcos/TRIPLET_NETWORKS/DATASETS/FRIBURGO/Entrenamiento/KT-A/t1152904805.498667_x-8.965643_y-1.790605_a-1.451103.jpeg,4,-8.965643,-1.790605
/home/arvc/Marcos/TRIPLET_NETWORKS/DATASETS/FRIBURGO/Entrenamiento/KT-A/t1152904819.235526_x-8.775385_y-4.470949_a-1.543114.jpeg,4,-8.775385,-4.470949
/home/arvc/Marcos/TRIPLET_NETWORKS/DATASETS/FRIBURGO/Entrenamiento/KT-A/t1152904828.620110_x-8.590461_y-5.183702_a-0.296798.jpeg,4,-8.590461,-5.183702
/home/arvc/Marcos/TRIPLET_NETWORKS/DATASETS/FRIBURGO/Entrenamiento/KT-A/t1152904836.780622_x-8.762033_y-4.715090_a1.525613.jpeg,4,-8.762033,-4.71509
/home/arvc/Marcos/TRIPLET_NETWORKS/DATASETS/FRIBURGO/Entrenamiento/KT-A/t1152904827.600048_x-8.624754_y-5.261542_a-0.702014.jpeg,4,-8.624754,-5.261542
/home/arvc/Marcos/TRIPLET_NETWORKS/DATASETS/FRIBURGO/Entrenamiento/KT-A/t1152904817.195398_x-8.783132_y-4.082570_a-1.532955.jpeg,4,-8.783132,-4.08257
/home/arvc/Marcos/TRIPLET_NETWORKS/DATASETS/FRIBURGO/Entrenamiento/KT-A/t1152904806.518730_x-8.940758_y-2.008169_a-1.454166.jpeg,4,-8.940758,-2.008169
/home/arvc/Marcos/TRIPLET_NETWORKS/DATASETS/FRIBURGO/Entrenamiento/KT-A/t1152904816.175334_x-8.790487_y-3.902803_a-1.530980.jpeg,4,-8.790487,-3.902803
/home/arvc/Marcos/TRIPLET_NETWORKS/DATASETS/FRIBURGO/Entrenamiento/KT-A/t1152904842.901003_x-8.840028_y-3.615775_a1.616656.jpeg,4,-8.840028,-3.615775
/home/arvc/Marcos/TRIPLET_NETWORKS/DATASETS/FRIBURGO/Entrenamiento/KT-A/t1152904826.579985_x-8.718242_y-5.329254_a-1.274545.jpeg,4,-8.718242,-5.329254
/home/arvc/Marcos/TRIPLET_NETWORKS/DATASETS/FRIBURGO/Entrenamiento/KT-A/t1152904840.860882_x-8.818451_y-4.088504_a1.632365.jpeg,4,-8.818451,-4.088504
/home/arvc/Marcos/TRIPLET_NETWORKS/DATASETS/FRIBURGO/Entrenamiento/KT-A/t1152904851.061514_x-8.807533_y-1.689343_a1.537697.jpeg,4,-8.807533,-1.689343
/home/arvc/Marcos/TRIPLET_NETWORKS/DATASETS/FRIBURGO/Entrenamiento/KT-A/t1152904818.215462_x-8.777148_y-4.303729_a-1.535737.jpeg,4,-8.777148,-4.303729
/home/arvc/Marcos/TRIPLET_NETWORKS/DATASETS/FRIBURGO/Entrenamiento/KT-A/t1152904845.961196_x-8.824537_y-2.887925_a1.584272.jpeg,4,-8.824537,-2.887925
/home/arvc/Marcos/TRIPLET_NETWORKS/DATASETS/FRIBURGO/Entrenamiento/KT-A/t1152904831.680516_x-8.651675_y-4.974154_a0.863408.jpeg,4,-8.651675,-4.974154
/home/arvc/Marcos/TRIPLET_NETWORKS/DATASETS/FRIBURGO/Entrenamiento/KT-A/t1152904849.021473_x-8.827121_y-2.178721_a1.566412.jpeg,4,-8.827121,-2.178721
/home/arvc/Marcos/TRIPLET_NETWORKS/DATASETS/FRIBURGO/Entrenamiento/KT-A/t1152904834.740493_x-8.775386_y-4.887394_a1.526853.jpeg,4,-8.775386,-4.887394
/home/arvc/Marcos/TRIPLET_NETWORKS/DATASETS/FRIBURGO/Entrenamiento/KT-A/t1152904829.640175_x-8.581177_y-5.144825_a-0.095156.jpeg,4,-8.581177,-5.144825
/home/arvc/Marcos/TRIPLET_NETWORKS/DATASETS/FRIBURGO/Entrenamiento/KT-A/t1152904812.639111_x-8.830976_y-3.202079_a-1.500119.jpeg,4,-8.830976,-3.202079
/home/arvc/Marcos/TRIPLET_NETWORKS/DATASETS/FRIBURGO/Entrenamiento/KT-A/t1152904850.041449_x-8.816969_y-1.937537_a1.546145.jpeg,4,-8.816969,-1.937537
/home/arvc/Marcos/TRIPLET_NETWORKS/DATASETS/FRIBURGO/Entrenamiento/KT-A/t1152904837.800686_x-8.774807_y-4.597489_a1.594833.jpeg,4,-8.774807,-4.597489
/home/arvc/Marcos/TRIPLET_NETWORKS/DATASETS/FRIBURGO/Entrenamiento/KT-A/t1152904811.619048_x-8.835894_y-3.018730_a-1.499927.jpeg,4,-8.835894,-3.01873
/home/arvc/Marcos/TRIPLET_NETWORKS/DATASETS/FRIBURGO/Entrenamiento/KT-A/t1152904820.255587_x-8.778917_y-4.653689_a-1.554904.jpeg,4,-8.778917,-4.653689
/home/arvc/Marcos/TRIPLET_NETWORKS/DATASETS/FRIBURGO/Entrenamiento/LO-A/t1152904575.376284_x1.043969_y-2.417592_a-1.708327.jpeg,5,1.043969,-2.417592
/home/arvc/Marcos/TRIPLET_NETWORKS/DATASETS/FRIBURGO/Entrenamiento/LO-A/t1152904572.316094_x1.106678_y-1.779507_a-1.878148.jpeg,5,1.106678,-1.779507
/home/arvc/Marcos/TRIPLET_NETWORKS/DATASETS/FRIBURGO/Entrenamiento/LO-A/t1152904587.617048_x0.063331_y-3.290836_a1.536383.jpeg,5,0.063331,-3.290836
/home/arvc/Marcos/TRIPLET_NETWORKS/DATASETS/FRIBURGO/Entrenamiento/LO-A/t1152904578.436480_x0.988276_y-3.020884_a-1.697706.jpeg,5,0.988276,-3.020884
/home/arvc/Marcos/TRIPLET_NETWORKS/DATASETS/FRIBURGO/Entrenamiento/LO-A/t1152904581.496666_x0.863484_y-3.655041_a-1.808382.jpeg,5,0.863484,-3.655041
/home/arvc/Marcos/TRIPLET_NETWORKS/DATASETS/FRIBURGO/Entrenamiento/LO-A/t1152904578.028637_x1.003364_y-2.930545_a-1.695361.jpeg,5,1.003364,-2.930545
/home/arvc/Marcos/TRIPLET_NETWORKS/DATASETS/FRIBURGO/Entrenamiento/LO-A/t1152904577.416411_x1.012142_y-2.787507_a-1.683764.jpeg,5,1.012142,-2.787507
/home/arvc/Marcos/TRIPLET_NETWORKS/DATASETS/FRIBURGO/Entrenamiento/LO-A/t1152904583.536800_x0.485980_y-3.858204_a-2.681197.jpeg,5,0.48598,-3.858204
/home/arvc/Marcos/TRIPLET_NETWORKS/DATASETS/FRIBURGO/Entrenamiento/LO-A/t1152904586.596986_x0.009079_y-3.533455_a2.130266.jpeg,5,0.009079,-3.533455
/home/arvc/Marcos/TRIPLET_NETWORKS/DATASETS/FRIBURGO/Entrenamiento/LO-A/t1152904595.777559_x1.166272_y-2.102152_a1.408470.jpeg,5,1.166272,-2.102152
/home/arvc/Marcos/TRIPLET_NETWORKS/DATASETS/FRIBURGO/Entrenamiento/LO-A/t1152904582.516815_x0.683483_y-3.805192_a-2.250836.jpeg,5,0.683483,-3.805192
/home/arvc/Marcos/TRIPLET_NETWORKS/DATASETS/FRIBURGO/Entrenamiento/LO-A/t1152904591.697305_x0.770546_y-2.816747_a0.596721.jpeg,5,0.770546,-2.816747
/home/arvc/Marcos/TRIPLET_NETWORKS/DATASETS/FRIBURGO/Entrenamiento/LO-A/t1152904582.108762_x0.756355_y-3.756687_a-2.082804.jpeg,5,0.756355,-3.756687
/home/arvc/Marcos/TRIPLET_NETWORKS/DATASETS/FRIBURGO/Entrenamiento/LO-A/t1152904573.336158_x1.114628_y-1.964092_a-1.695534.jpeg,5,1.114628,-1.964092
/home/arvc/Marcos/TRIPLET_NETWORKS/DATASETS/FRIBURGO/Entrenamiento/LO-A/t1152904571.296030_x1.154910_y-1.612378_a-1.926062.jpeg,5,1.15491,-1.612378
/home/arvc/Marcos/TRIPLET_NETWORKS/DATASETS/FRIBURGO/Entrenamiento/LO-A/t1152904588.229089_x0.124147_y-3.203902_a1.244734.jpeg,5,0.124147,-3.203902
/home/arvc/Marcos/TRIPLET_NETWORKS/DATASETS/FRIBURGO/Entrenamiento/LO-A/t1152904574.356221_x1.079393_y-2.168112_a-1.704992.jpeg,5,1.079393,-2.168112
/home/arvc/Marcos/TRIPLET_NETWORKS/DATASETS/FRIBURGO/Entrenamiento/LO-A/t1152904589.657179_x0.404419_y-3.071913_a0.606114.jpeg,5,0.404419,-3.071913
/home/arvc/Marcos/TRIPLET_NETWORKS/DATASETS/FRIBURGO/Entrenamiento/LO-A/t1152904592.309396_x0.870571_y-2.750896_a0.596886.jpeg,5,0.870571,-2.750896
/home/arvc/Marcos/TRIPLET_NETWORKS/DATASETS/FRIBURGO/Entrenamiento/LO-A/t1152904571.908106_x1.129938_y-1.698382_a-1.899127.jpeg,5,1.129938,-1.698382
/home/arvc/Marcos/TRIPLET_NETWORKS/DATASETS/FRIBURGO/Entrenamiento/LO-A/t1152904579.456540_x0.958068_y-3.249189_a-1.697167.jpeg,5,0.958068,-3.249189
/home/arvc/Marcos/TRIPLET_NETWORKS/DATASETS/FRIBURGO/Entrenamiento/LO-A/t1152904573.948196_x1.090388_y-2.086117_a-1.703238.jpeg,5,1.090388,-2.086117
/home/arvc/Marcos/TRIPLET_NETWORKS/DATASETS/FRIBURGO/Entrenamiento/LO-A/t1152904596.393598_x1.175085_y-1.952911_a1.478365.jpeg,5,1.175085,-1.952911
/home/arvc/Marcos/TRIPLET_NETWORKS/DATASETS/FRIBURGO/Entrenamiento/LO-A/t1152904584.556858_x0.224915_y-3.885860_a-3.040850.jpeg,5,0.224915,-3.88586
/home/arvc/Marcos/TRIPLET_NETWORKS/DATASETS/FRIBURGO/Entrenamiento/LO-A/t1152904584.148832_x0.313042_y-3.889985_a-2.945755.jpeg,5,0.313042,-3.889985
/home/arvc/Marcos/TRIPLET_NETWORKS/DATASETS/FRIBURGO/Entrenamiento/LO-A/t1152904580.476603_x0.920240_y-3.473066_a-1.699656.jpeg,5,0.92024,-3.473066
/home/arvc/Marcos/TRIPLET_NETWORKS/DATASETS/FRIBURGO/Entrenamiento/LO-A/t1152904576.396542_x1.033399_y-2.607559_a-1.712573.jpeg,5,1.033399,-2.607559
/home/arvc/Marcos/TRIPLET_NETWORKS/DATASETS/FRIBURGO/Entrenamiento/LO-A/t1152904594.757707_x1.176248_y-2.346194_a1.003288.jpeg,5,1.176248,-2.346194
/home/arvc/Marcos/TRIPLET_NETWORKS/DATASETS/FRIBURGO/Entrenamiento/LO-A/t1152904575.988322_x1.043341_y-2.545951_a-1.711283.jpeg,5,1.043341,-2.545951
/home/arvc/Marcos/TRIPLET_NETWORKS/DATASETS/FRIBURGO/Entrenamiento/LO-A/t1152904594.349565_x1.140669_y-2.440109_a0.863886.jpeg,5,1.140669,-2.440109
/home/arvc/Marcos/TRIPLET_NETWORKS/DATASETS/FRIBURGO/Entrenamiento/LO-A/t1152904590.677242_x0.582399_y-2.947438_a0.602035.jpeg,5,0.582399,-2.947438
/home/arvc/Marcos/TRIPLET_NETWORKS/DATASETS/FRIBURGO/Entrenamiento/LO-A/t1152904593.737434_x1.049755_y-2.550540_a0.828080.jpeg,5,1.049755,-2.55054
/home/arvc/Marcos/TRIPLET_NETWORKS/DATASETS/FRIBURGO/Entrenamiento/LO-A/t1152904580.068577_x0.939559_y-3.375480_a-1.701584.jpeg,5,0.939559,-3.37548
/home/arvc/Marcos/TRIPLET_NETWORKS/DATASETS/FRIBURGO/Entrenamiento/LO-A/t1152904597.821688_x1.185242_y-1.682044_a1.509799.jpeg,5,1.185242,-1.682044
/home/arvc/Marcos/TRIPLET_NETWORKS/DATASETS/FRIBURGO/Entrenamiento/LO-A/t1152904586.188960_x0.019005_y-3.618053_a2.360015.jpeg,5,0.019005,-3.618053
/home/arvc/Marcos/TRIPLET_NETWORKS/DATASETS/FRIBURGO/Entrenamiento/LO-A/t1152904588.637114_x0.203224_y-3.140050_a1.022822.jpeg,5,0.203224,-3.14005
/home/arvc/Marcos/TRIPLET_NETWORKS/DATASETS/FRIBURGO/Entrenamiento/LO-A/t1152904590.269214_x0.498020_y-3.005750_a0.604564.jpeg,5,0.49802,-3.00575
/home/arvc/Marcos/TRIPLET_NETWORKS/DATASETS/FRIBURGO/Entrenamiento/LO-A/t1152904596.801653_x1.171691_y-1.873228_a1.520397.jpeg,5,1.171691,-1.873228
/home/arvc/Marcos/TRIPLET_NETWORKS/DATASETS/FRIBURGO/Entrenamiento/LO-A/t1152904585.577038_x0.059549_y-3.761710_a2.723189.jpeg,5,0.059549,-3.76171
/home/arvc/Marcos/TRIPLET_NETWORKS/DATASETS/FRIBURGO/Entrenamiento/LO-A/t1152904592.717368_x0.921462_y-2.716196_a0.595854.jpeg,5,0.921462,-2.716196
/home/arvc/Marcos/TRIPLET_NETWORKS/DATASETS/FRIBURGO/Entrenamiento/PA-A/t1152904500.775727_x5.164779_y-2.559282_a-1.732327.jpeg,6,5.164779,-2.559282
/home/arvc/Marcos/TRIPLET_NETWORKS/DATASETS/FRIBURGO/Entrenamiento/PA-A/t1152904523.833062_x5.019430_y-1.936747_a1.670166.jpeg,6,5.01943,-1.936747
/home/arvc/Marcos/TRIPLET_NETWORKS/DATASETS/FRIBURGO/Entrenamiento/PA-A/t1152904509.956200_x4.895128_y-2.973170_a2.647016.jpeg,6,4.895128,-2.97317
/home/arvc/Marcos/TRIPLET_NETWORKS/DATASETS/FRIBURGO/Entrenamiento/PA-A/t1152904489.554920_x5.009066_y-0.727159_a-0.707759.jpeg,6,5.009066,-0.727159
/home/arvc/Marcos/TRIPLET_NETWORKS/DATASETS/FRIBURGO/Entrenamiento/PA-A/t1152904483.434543_x4.048824_y-0.322179_a-0.078261.jpeg,6,4.048824,-0.322179
/home/arvc/Marcos/TRIPLET_NETWORKS/DATASETS/FRIBURGO/Entrenamiento/PA-A/t1152904514.652489_x5.109389_y-2.885702_a1.452165.jpeg,6,5.109389,-2.885702
/home/arvc/Marcos/TRIPLET_NETWORKS/DATASETS/FRIBURGO/Entrenamiento/PA-A/t1152904484.454603_x4.247411_y-0.343582_a-0.096111.jpeg,6,4.247411,-0.343582
/home/arvc/Marcos/TRIPLET_NETWORKS/DATASETS/FRIBURGO/Entrenamiento/PA-A/t1152904517.712683_x5.088077_y-2.671670_a1.574688.jpeg,6,5.088077,-2.67167
/home/arvc/Marcos/TRIPLET_NETWORKS/DATASETS/FRIBURGO/Entrenamiento/PA-A/t1152904518.732743_x5.090660_y-2.589852_a1.574658.jpeg,6,5.09066,-2.589852
/home/arvc/Marcos/TRIPLET_NETWORKS/DATASETS/FRIBURGO/Entrenamiento/PA-A/t1152904497.715433_x5.233207_y-2.041895_a-1.441289.jpeg,6,5.233207,-2.041895
/home/arvc/Marcos/TRIPLET_NETWORKS/DATASETS/FRIBURGO/Entrenamiento/PA-A/t1152904513.224592_x5.092512_y-2.887738_a1.557191.jpeg,6,5.092512,-2.887738
/home/arvc/Marcos/TRIPLET_NETWORKS/DATASETS/FRIBURGO/Entrenamiento/PA-A/t1152904515.672553_x5.124001_y-2.831927_a1.413065.jpeg,6,5.124001,-2.831927
/home/arvc/Marcos/TRIPLET_NETWORKS/DATASETS/FRIBURGO/Entrenamiento/PA-A/t1152904498.735496_x5.251780_y-2.218637_a-1.448838.jpeg,6,5.25178,-2.218637
/home/arvc/Marcos/TRIPLET_NETWORKS/DATASETS/FRIBURGO/Entrenamiento/PA-A/t1152904520.773066_x5.048228_y-2.378380_a1.671702.jpeg,6,5.048228,-2.37838
/home/arvc/Marcos/TRIPLET_NETWORKS/DATASETS/FRIBURGO/Entrenamiento/PA-A/t1152904535.053763_x4.716847_y-0.311206_a2.218383.jpeg,6,4.716847,-0.311206
/home/arvc/Marcos/TRIPLET_NETWORKS/DATASETS/FRIBURGO/Entrenamiento/PA-A/t1152904508.936134_x4.853448_y-3.050641_a3.089052.jpeg,6,4.853448,-3.050641
/home/arvc/Marcos/TRIPLET_NETWORKS/DATASETS/FRIBURGO/Entrenamiento/PA-A/t1152904486.494729_x4.559654_y-0.374823_a-0.086370.jpeg,6,4.559654,-0.374823
/home/arvc/Marcos/TRIPLET_NETWORKS/DATASETS/FRIBURGO/Entrenamiento/PA-A/t1152904531.993768_x4.918536_y-0.683849_a1.646125.jpeg,6,4.918536,-0.683849
/home/arvc/Marcos/TRIPLET_NETWORKS/DATASETS/FRIBURGO/Entrenamiento/PA-A/t1152904516.692618_x5.088930_y-2.750000_a1.564587.jpeg,6,5.08893,-2.75
/home/arvc/Marcos/TRIPLET_NETWORKS/DATASETS/FRIBURGO/Entrenamiento/PA-A/t1152904502.815945_x5.107444_y-2.904444_a-1.737179.jpeg,6,5.107444,-2.904444
/home/arvc/Marcos/TRIPLET_NETWORKS/DATASETS/FRIBURGO/Entrenamiento/PA-A/t1152904496.695368_x5.214572_y-1.862064_a-1.445093.jpeg,6,5.214572,-1.862064
/home/arvc/Marcos/TRIPLET_NETWORKS/DATASETS/FRIBURGO/Entrenamiento/PA-A/t1152904499.755558_x5.191917_y-2.383896_a-1.737188.jpeg,6,5.191917,-2.383896
/home/arvc/Marcos/TRIPLET_NETWORKS/DATASETS/FRIBURGO/Entrenamiento/PA-A/t1152904525.873189_x4.988211_y-1.615831_a1.666771.jpeg,6,4.988211,-1.615831
/home/arvc/Marcos/TRIPLET_NETWORKS/DATASETS/FRIBURGO/Entrenamiento/PA-A/t1152904503.835813_x5.072162_y-3.051291_a-1.763207.jpeg,6,5.072162,-3.051291
/home/arvc/Marcos/TRIPLET_NETWORKS/DATASETS/FRIBURGO/Entrenamiento/PA-A/t1152904534.033699_x4.850051_y-0.402344_a1.879125.jpeg,6,4.850051,-0.402344
/home/arvc/Marcos/TRIPLET_NETWORKS/DATASETS/FRIBURGO/Entrenamiento/PA-A/t1152904537.093891_x4.387554_y-0.220671_a2.855208.jpeg,6,4.387554,-0.220671
/home/arvc/Marcos/TRIPLET_NETWORKS/DATASETS/FRIBURGO/Entrenamiento/PA-A/t1152904492.615302_x5.140860_y-1.220317_a-1.365453.jpeg,6,5.14086,-1.220317
/home/arvc/Marcos/TRIPLET_NETWORKS/DATASETS/FRIBURGO/Entrenamiento/PA-A/t1152904524.853127_x5.005541_y-1.789394_a1.668754.jpeg,6,5.005541,-1.789394
/home/arvc/Marcos/TRIPLET_NETWORKS/DATASETS/FRIBURGO/Entrenamiento/PA-A/t1152904529.953548_x4.938040_y-1.018639_a1.652634.jpeg,6,4.93804,-1.018639
/home/arvc/Marcos/TRIPLET_NETWORKS/DATASETS/FRIBURGO/Entrenamiento/PA-A/t1152904510.976261_x4.962658_y-2.924065_a2.242848.jpeg,6,4.962658,-2.924065
/home/arvc/Marcos/TRIPLET_NETWORKS/DATASETS/FRIBURGO/Entrenamiento/PA-A/t1152904540.158194_x3.916158_y-0.198313_a3.041048.jpeg,6,3.916158,-0.198313
/home/arvc/Marcos/TRIPLET_NETWORKS/DATASETS/FRIBURGO/Entrenamiento/PA-A/t1152904490.574984_x5.075278_y-0.880425_a-0.998074.jpeg,6,5.075278,-0.880425
/home/arvc/Marcos/TRIPLET_NETWORKS/DATASETS/FRIBURGO/Entrenamiento/PA-A/t1152904485.474666_x4.404084_y-0.356606_a-0.093308.jpeg,6,4.404084,-0.356606
/home/arvc/Marcos/TRIPLET_NETWORKS/DATASETS/FRIBURGO/Entrenamiento/PA-A/t1152904501.795912_x5.141366_y-2.711818_a-1.723049.jpeg,6,5.141366,-2.711818
/home/arvc/Marcos/TRIPLET_NETWORKS/DATASETS/FRIBURGO/Entrenamiento/PA-A/t1152904505.875943_x4.918416_y-3.238425_a-2.137013.jpeg,6,4.918416,-3.238425
/home/arvc/Marcos/TRIPLET_NETWORKS/DATASETS/FRIBURGO/Entrenamiento/PA-A/t1152904491.595245_x5.113712_y-1.051482_a-1.233296.jpeg,6,5.113712,-1.051482
/home/arvc/Marcos/TRIPLET_NETWORKS/DATASETS/FRIBURGO/Entrenamiento/PA-A/t1152904495.675302_x5.199276_y-1.722247_a-1.445997.jpeg,6,5.199276,-1.722247
/home/arvc/Marcos/TRIPLET_NETWORKS/DATASETS/FRIBURGO/Entrenamiento/PA-A/t1152904526.893254_x4.977012_y-1.481979_a1.660548.jpeg,6,4.977012,-1.481979
/home/arvc/Marcos/TRIPLET_NETWORKS/DATASETS/FRIBURGO/Entrenamiento/PA-A/t1152904504.855879_x4.945913_y-3.196399_a-2.129824.jpeg,6,4.945913,-3.196399
/home/arvc/Marcos/TRIPLET_NETWORKS/DATASETS/FRIBURGO/Entrenamiento/PA-A/t1152904533.013646_x4.915767_y-0.538027_a1.655050.jpeg,6,4.915767,-0.538027
/home/arvc/Marcos/TRIPLET_NETWORKS/DATASETS/FRIBURGO/Entrenamiento/PA-A/t1152904507.916069_x4.849543_y-3.133431_a-2.786293.jpeg,6,4.849543,-3.133431
/home/arvc/Marcos/TRIPLET_NETWORKS/DATASETS/FRIBURGO/Entrenamiento/PA-A/t1152904506.896004_x4.898215_y-3.223914_a-2.260396.jpeg,6,4.898215,-3.223914
/home/arvc/Marcos/TRIPLET_NETWORKS/DATASETS/FRIBURGO/Entrenamiento/PA-A/t1152904519.752807_x5.066249_y-2.501839_a1.659610.jpeg,6,5.066249,-2.501839
/home/arvc/Marcos/TRIPLET_NETWORKS/DATASETS/FRIBURGO/Entrenamiento/PA-A/t1152904512.204542_x5.063606_y-2.891056_a1.715711.jpeg,6,5.063606,-2.891056
/home/arvc/Marcos/TRIPLET_NETWORKS/DATASETS/FRIBURGO/Entrenamiento/PA-A/t1152904530.973509_x4.932251_y-0.847369_a1.635391.jpeg,6,4.932251,-0.847369
/home/arvc/Marcos/TRIPLET_NETWORKS/DATASETS/FRIBURGO/Entrenamiento/PA-A/t1152904493.635176_x5.157783_y-1.397914_a-1.436716.jpeg,6,5.157783,-1.397914
/home/arvc/Marcos/TRIPLET_NETWORKS/DATASETS/FRIBURGO/Entrenamiento/PA-A/t1152904522.813001_x5.030914_y-2.091334_a1.665585.jpeg,6,5.030914,-2.091334
/home/arvc/Marcos/TRIPLET_NETWORKS/DATASETS/FRIBURGO/Entrenamiento/PA-A/t1152904528.933384_x4.947425_y-1.179138_a1.673147.jpeg,6,4.947425,-1.179138
/home/arvc/Marcos/TRIPLET_NETWORKS/DATASETS/FRIBURGO/Entrenamiento/PA-A/t1152904538.113960_x4.229850_y-0.239665_a3.053502.jpeg,6,4.22985,-0.239665
/home/arvc/Marcos/TRIPLET_NETWORKS/DATASETS/FRIBURGO/Entrenamiento/PA-A/t1152904527.913322_x4.967130_y-1.337252_a1.651420.jpeg,6,4.96713,-1.337252
/home/arvc/Marcos/TRIPLET_NETWORKS/DATASETS/FRIBURGO/Entrenamiento/PA-A/t1152904494.655240_x5.173149_y-1.540550_a-1.437712.jpeg,6,5.173149,-1.54055
/home/arvc/Marcos/TRIPLET_NETWORKS/DATASETS/FRIBURGO/Entrenamiento/PA-A/t1152904539.138019_x4.083496_y-0.226366_a3.043376.jpeg,6,4.083496,-0.226366
/home/arvc/Marcos/TRIPLET_NETWORKS/DATASETS/FRIBURGO/Entrenamiento/PA-A/t1152904488.534860_x4.867813_y-0.599038_a-0.631833.jpeg,6,4.867813,-0.599038
/home/arvc/Marcos/TRIPLET_NETWORKS/DATASETS/FRIBURGO/Entrenamiento/PA-A/t1152904482.410663_x3.907202_y-0.309906_a-0.070241.jpeg,6,3.907202,-0.309906
/home/arvc/Marcos/TRIPLET_NETWORKS/DATASETS/FRIBURGO/Entrenamiento/PA-A/t1152904521.792936_x5.040453_y-2.264931_a1.653813.jpeg,6,5.040453,-2.264931
/home/arvc/Marcos/TRIPLET_NETWORKS/DATASETS/FRIBURGO/Entrenamiento/PA-A/t1152904487.514794_x4.719956_y-0.449895_a-0.266716.jpeg,6,4.719956,-0.449895
/home/arvc/Marcos/TRIPLET_NETWORKS/DATASETS/FRIBURGO/Entrenamiento/PA-A/t1152904536.073827_x4.576087_y-0.251093_a2.508092.jpeg,6,4.576087,-0.251093
/home/arvc/Marcos/TRIPLET_NETWORKS/DATASETS/FRIBURGO/Entrenamiento/ST-A/t1152904957.368257_x-14.983801_y-2.184265_a3.001342.jpeg,7,-14.983801,-2.184265
/home/arvc/Marcos/TRIPLET_NETWORKS/DATASETS/FRIBURGO/Entrenamiento/ST-A/t1152904887.783807_x-15.093464_y-1.770436_a-1.609314.jpeg,7,-15.093464,-1.770436
/home/arvc/Marcos/TRIPLET_NETWORKS/DATASETS/FRIBURGO/Entrenamiento/ST-A/t1152904961.448413_x-15.086355_y-1.534954_a1.494808.jpeg,7,-15.086355,-1.534954
/home/arvc/Marcos/TRIPLET_NETWORKS/DATASETS/FRIBURGO/Entrenamiento/ST-A/t1152904962.468501_x-15.105770_y-1.361891_a1.602503.jpeg,7,-15.10577,-1.361891
/home/arvc/Marcos/TRIPLET_NETWORKS/DATASETS/FRIBURGO/Entrenamiento/ST-A/t1152904893.904191_x-14.376926_y-2.655185_a-0.015575.jpeg,7,-14.376926,-2.655185
/home/arvc/Marcos/TRIPLET_NETWORKS/DATASETS/FRIBURGO/Entrenamiento/ST-A/t1152904894.924256_x-14.129155_y-2.603493_a0.178148.jpeg,7,-14.129155,-2.603493
/home/arvc/Marcos/TRIPLET_NETWORKS/DATASETS/FRIBURGO/Entrenamiento/ST-A/t1152904897.984447_x-13.449928_y-2.488606_a0.228938.jpeg,7,-13.449928,-2.488606
/home/arvc/Marcos/TRIPLET_NETWORKS/DATASETS/FRIBURGO/Entrenamiento/ST-A/t1152904953.283902_x-14.271857_y-2.234894_a3.115144.jpeg,7,-14.271857,-2.234894
/home/arvc/Marcos/TRIPLET_NETWORKS/DATASETS/FRIBURGO/Entrenamiento/ST-A/t1152904953.899939_x-14.366252_y-2.229769_a3.113724.jpeg,7,-14.366252,-2.229769
/home/arvc/Marcos/TRIPLET_NETWORKS/DATASETS/FRIBURGO/Entrenamiento/ST-A/t1152904949.203648_x-13.545509_y-2.253097_a3.121686.jpeg,7,-13.545509,-2.253097
/home/arvc/Marcos/TRIPLET_NETWORKS/DATASETS/FRIBURGO/Entrenamiento/ST-A/t1152904960.428350_x-15.132164_y-1.686493_a1.671841.jpeg,7,-15.132164,-1.686493
/home/arvc/Marcos/TRIPLET_NETWORKS/DATASETS/FRIBURGO/Entrenamiento/ST-A/t1152904895.944319_x-13.901709_y-2.569016_a0.166461.jpeg,7,-13.901709,-2.569016
/home/arvc/Marcos/TRIPLET_NETWORKS/DATASETS/FRIBURGO/Entrenamiento/ST-A/t1152904889.823937_x-15.093120_y-2.231913_a-1.388154.jpeg,7,-15.09312,-2.231913
/home/arvc/Marcos/TRIPLET_NETWORKS/DATASETS/FRIBURGO/Entrenamiento/ST-A/t1152904895.536296_x-13.993860_y-2.580297_a0.173478.jpeg,7,-13.99386,-2.580297
/home/arvc/Marcos/TRIPLET_NETWORKS/DATASETS/FRIBURGO/Entrenamiento/ST-A/t1152904899.004510_x-13.242563_y-2.360666_a0.430996.jpeg,7,-13.242563,-2.360666
/home/arvc/Marcos/TRIPLET_NETWORKS/DATASETS/FRIBURGO/Entrenamiento/ST-A/t1152904891.864252_x-14.827236_y-2.600511_a-0.892439.jpeg,7,-14.827236,-2.600511
/home/arvc/Marcos/TRIPLET_NETWORKS/DATASETS/FRIBURGO/Entrenamiento/ST-A/t1152904952.263839_x-14.088242_y-2.242973_a3.120699.jpeg,7,-14.088242,-2.242973
/home/arvc/Marcos/TRIPLET_NETWORKS/DATASETS/FRIBURGO/Entrenamiento/ST-A/t1152904954.307990_x-14.436058_y-2.222056_a3.111465.jpeg,7,-14.436058,-2.222056
/home/arvc/Marcos/TRIPLET_NETWORKS/DATASETS/FRIBURGO/Entrenamiento/ST-A/t1152904889.415910_x-15.131028_y-2.136013_a-1.566317.jpeg,7,-15.131028,-2.136013
/home/arvc/Marcos/TRIPLET_NETWORKS/DATASETS/FRIBURGO/Entrenamiento/ST-A/t1152904950.835749_x-13.849765_y-2.237060_a3.131735.jpeg,7,-13.849765,-2.23706
/home/arvc/Marcos/TRIPLET_NETWORKS/DATASETS/FRIBURGO/Entrenamiento/ST-A/t1152904956.348096_x-14.795298_y-2.218283_a3.111775.jpeg,7,-14.795298,-2.218283
/home/arvc/Marcos/TRIPLET_NETWORKS/DATASETS/FRIBURGO/Entrenamiento/ST-A/t1152904888.803872_x-15.141924_y-1.977874_a-1.621026.jpeg,7,-15.141924,-1.977874
/home/arvc/Marcos/TRIPLET_NETWORKS/DATASETS/FRIBURGO/Entrenamiento/ST-A/t1152904958.388349_x-15.087189_y-2.060342_a2.617034.jpeg,7,-15.087189,-2.060342
/home/arvc/Marcos/TRIPLET_NETWORKS/DATASETS/FRIBURGO/Entrenamiento/ST-A/t1152904892.884235_x-14.603622_y-2.705342_a-0.455469.jpeg,7,-14.603622,-2.705342
/home/arvc/Marcos/TRIPLET_NETWORKS/DATASETS/FRIBURGO/Entrenamiento/ST-A/t1152904896.964382_x-13.678802_y-2.530752_a0.162872.jpeg,7,-13.678802,-2.530752
/home/arvc/Marcos/TRIPLET_NETWORKS/DATASETS/FRIBURGO/Entrenamiento/ST-A/t1152904892.476104_x-14.713842_y-2.692739_a-0.729229.jpeg,7,-14.713842,-2.692739
/home/arvc/Marcos/TRIPLET_NETWORKS/DATASETS/FRIBURGO/Entrenamiento/ST-A/t1152904948.183917_x-13.389333_y-2.268466_a3.134836.jpeg,7,-13.389333,-2.268466
/home/arvc/Marcos/TRIPLET_NETWORKS/DATASETS/FRIBURGO/Entrenamiento/ST-A/t1152904955.328031_x-14.631089_y-2.225101_a3.107870.jpeg,7,-14.631089,-2.225101
/home/arvc/Marcos/TRIPLET_NETWORKS/DATASETS/FRIBURGO/Entrenamiento/ST-A/t1152904946.143480_x-13.138862_y-2.284406_a-3.130967.jpeg,7,-13.138862,-2.284406
/home/arvc/Marcos/TRIPLET_NETWORKS/DATASETS/FRIBURGO/Entrenamiento/ST-A/t1152904960.020328_x-15.171665_y-1.763830_a1.958816.jpeg,7,-15.171665,-1.76383
/home/arvc/Marcos/TRIPLET_NETWORKS/DATASETS/FRIBURGO/Entrenamiento/ST-A/t1152904956.960132_x-14.904717_y-2.211685_a3.104997.jpeg,7,-14.904717,-2.211685
/home/arvc/Marcos/TRIPLET_NETWORKS/DATASETS/FRIBURGO/Entrenamiento/ST-A/t1152904898.596487_x-13.331373_y-2.398587_a0.427355.jpeg,7,-13.331373,-2.398587
/home/arvc/Marcos/TRIPLET_NETWORKS/DATASETS/FRIBURGO/Entrenamiento/ST-A/t1152904947.163519_x-13.241714_y-2.285153_a-3.131953.jpeg,7,-13.241714,-2.285153
/home/arvc/Marcos/TRIPLET_NETWORKS/DATASETS/FRIBURGO/Entrenamiento/ST-A/t1152904951.243781_x-13.903849_y-2.237428_a3.129565.jpeg,7,-13.903849,-2.237428
/home/arvc/Marcos/TRIPLET_NETWORKS/DATASETS/FRIBURGO/Entrenamiento/ST-A/t1152904947.775559_x-13.315465_y-2.283628_a-3.139312.jpeg,7,-13.315465,-2.283628
/home/arvc/Marcos/TRIPLET_NETWORKS/DATASETS/FRIBURGO/Entrenamiento/ST-A/t1152904886.763746_x-15.080673_y-1.506007_a-1.589741.jpeg,7,-15.080673,-1.506007
/home/arvc/Marcos/TRIPLET_NETWORKS/DATASETS/FRIBURGO/Entrenamiento/ST-A/t1152904959.408287_x-15.171839_y-1.892963_a2.291573.jpeg,7,-15.171839,-1.892963
/home/arvc/Marcos/TRIPLET_NETWORKS/DATASETS/FRIBURGO/Entrenamiento/ST-A/t1152904886.355719_x-15.078091_y-1.411735_a-1.583726.jpeg,7,-15.078091,-1.411735
/home/arvc/Marcos/TRIPLET_NETWORKS/DATASETS/FRIBURGO/Entrenamiento/ST-A/t1152904890.844000_x-14.976723_y-2.417897_a-1.145741.jpeg,7,-14.976723,-2.417897
/home/arvc/Marcos/TRIPLET_NETWORKS/DATASETS/FRIBURGO/Entrenamiento/ST-A/t1152904950.223735_x-13.745983_y-2.239105_a3.134516.jpeg,7,-13.745983,-2.239105
/home/arvc/Marcos/TRIPLET_NETWORKS/DATASETS/FRIBURGO/Entrenamiento/TL-A/t1152904927.570399_x-12.501073_y-3.037389_a1.632122.jpeg,8,-12.501073,-3.037389
/home/arvc/Marcos/TRIPLET_NETWORKS/DATASETS/FRIBURGO/Entrenamiento/TL-A/t1152904905.124898_x-12.188141_y-2.760140_a-1.400090.jpeg,8,-12.188141,-2.76014
/home/arvc/Marcos/TRIPLET_NETWORKS/DATASETS/FRIBURGO/Entrenamiento/TL-A/t1152904907.165019_x-12.402786_y-3.161952_a-2.004868.jpeg,8,-12.402786,-3.161952
/home/arvc/Marcos/TRIPLET_NETWORKS/DATASETS/FRIBURGO/Entrenamiento/TL-A/t1152904900.024572_x-13.036699_y-2.310435_a0.264130.jpeg,8,-13.036699,-2.310435
/home/arvc/Marcos/TRIPLET_NETWORKS/DATASETS/FRIBURGO/Entrenamiento/TL-A/t1152904901.044850_x-12.798259_y-2.272529_a0.206696.jpeg,8,-12.798259,-2.272529
/home/arvc/Marcos/TRIPLET_NETWORKS/DATASETS/FRIBURGO/Entrenamiento/TL-A/t1152904922.465975_x-12.275857_y-3.881681_a2.355552.jpeg,8,-12.275857,-3.881681
/home/arvc/Marcos/TRIPLET_NETWORKS/DATASETS/FRIBURGO/Entrenamiento/TL-A/t1152904924.510161_x-12.444925_y-3.451395_a1.958702.jpeg,8,-12.444925,-3.451395
/home/arvc/Marcos/TRIPLET_NETWORKS/DATASETS/FRIBURGO/Entrenamiento/TL-A/t1152904920.425966_x-11.909783_y-4.189684_a2.252847.jpeg,8,-11.909783,-4.189684
/home/arvc/Marcos/TRIPLET_NETWORKS/DATASETS/FRIBURGO/Entrenamiento/TL-A/t1152904943.079264_x-12.712003_y-2.223910_a2.304919.jpeg,8,-12.712003,-2.22391
/home/arvc/Marcos/TRIPLET_NETWORKS/DATASETS/FRIBURGO/Entrenamiento/TL-A/t1152904914.305466_x-12.450084_y-4.828361_a-1.354543.jpeg,8,-12.450084,-4.828361
/home/arvc/Marcos/TRIPLET_NETWORKS/DATASETS/FRIBURGO/Entrenamiento/TL-A/t1152904908.185211_x-12.440418_y-3.416225_a-1.723436.jpeg,8,-12.440418,-3.416225
/home/arvc/Marcos/TRIPLET_NETWORKS/DATASETS/FRIBURGO/Entrenamiento/TL-A/t1152904945.123392_x-12.995039_y-2.267553_a2.999009.jpeg,8,-12.995039,-2.267553
/home/arvc/Marcos/TRIPLET_NETWORKS/DATASETS/FRIBURGO/Entrenamiento/TL-A/t1152904941.039350_x-12.530331_y-2.426306_a1.618040.jpeg,8,-12.530331,-2.426306
/home/arvc/Marcos/TRIPLET_NETWORKS/DATASETS/FRIBURGO/Entrenamiento/TL-A/t1152904917.365658_x-11.787993_y-4.841910_a0.488516.jpeg,8,-11.787993,-4.84191
/home/arvc/Marcos/TRIPLET_NETWORKS/DATASETS/FRIBURGO/Entrenamiento/TL-A/t1152904938.999010_x-12.513146_y-2.625112_a1.624937.jpeg,8,-12.513146,-2.625112
/home/arvc/Marcos/TRIPLET_NETWORKS/DATASETS/FRIBURGO/Entrenamiento/TL-A/t1152904902.064889_x-12.554718_y-2.236032_a0.162399.jpeg,8,-12.554718,-2.236032
/home/arvc/Marcos/TRIPLET_NETWORKS/DATASETS/FRIBURGO/Entrenamiento/TL-A/t1152904944.103327_x-12.879426_y-2.274338_a2.929601.jpeg,8,-12.879426,-2.274338
/home/arvc/Marcos/TRIPLET_NETWORKS/DATASETS/FRIBURGO/Entrenamiento/TL-A/t1152904910.225211_x-12.490231_y-3.903655_a-1.649417.jpeg,8,-12.490231,-3.903655
/home/arvc/Marcos/TRIPLET_NETWORKS/DATASETS/FRIBURGO/Entrenamiento/TL-A/t1152904911.245472_x-12.492159_y-4.131839_a-1.587528.jpeg,8,-12.492159,-4.131839
/home/arvc/Marcos/TRIPLET_NETWORKS/DATASETS/FRIBURGO/Entrenamiento/TL-A/t1152904904.104829_x-12.204925_y-2.527438_a-0.858437.jpeg,8,-12.204925,-2.527438
/home/arvc/Marcos/TRIPLET_NETWORKS/DATASETS/FRIBURGO/Entrenamiento/TL-A/t1152904923.490046_x-12.386737_y-3.682635_a2.164062.jpeg,8,-12.386737,-3.682635
/home/arvc/Marcos/TRIPLET_NETWORKS/DATASETS/FRIBURGO/Entrenamiento/TL-A/t1152904913.897440_x-12.475787_y-4.723718_a-1.481795.jpeg,8,-12.475787,-4.723718
/home/arvc/Marcos/TRIPLET_NETWORKS/DATASETS/FRIBURGO/Entrenamiento/TL-A/t1152904913.285402_x-12.500551_y-4.604167_a-1.576357.jpeg,8,-12.500551,-4.604167
/home/arvc/Marcos/TRIPLET_NETWORKS/DATASETS/FRIBURGO/Entrenamiento/TL-A/t1152904909.205147_x-12.465259_y-3.672117_a-1.648561.jpeg,8,-12.465259,-3.672117
/home/arvc/Marcos/TRIPLET_NETWORKS/DATASETS/FRIBURGO/Entrenamiento/TL-A/t1152904926.550230_x-12.488146_y-3.165255_a1.642208.jpeg,8,-12.488146,-3.165255
/home/arvc/Marcos/TRIPLET_NETWORKS/DATASETS/FRIBURGO/Entrenamiento/TL-A/t1152904937.978968_x-12.510844_y-2.669915_a1.626136.jpeg,8,-12.510844,-2.669915
/home/arvc/Marcos/TRIPLET_NETWORKS/DATASETS/FRIBURGO/Entrenamiento/TL-A/t1152904940.019078_x-12.517598_y-2.536188_a1.623053.jpeg,8,-12.517598,-2.536188
/home/arvc/Marcos/TRIPLET_NETWORKS/DATASETS/FRIBURGO/Entrenamiento/TL-A/t1152904926.142208_x-12.500169_y-3.218190_a1.728981.jpeg,8,-12.500169,-3.21819
/home/arvc/Marcos/TRIPLET_NETWORKS/DATASETS/FRIBURGO/Entrenamiento/TL-A/t1152904942.059241_x-12.562322_y-2.303801_a1.729201.jpeg,8,-12.562322,-2.303801
/home/arvc/Marcos/TRIPLET_NETWORKS/DATASETS/FRIBURGO/Entrenamiento/TL-A/t1152904925.530168_x-12.505374_y-3.313573_a1.971879.jpeg,8,-12.505374,-3.313573
/home/arvc/Marcos/TRIPLET_NETWORKS/DATASETS/FRIBURGO/Entrenamiento/TL-A/t1152904903.084765_x-12.356595_y-2.316144_a-0.278792.jpeg,8,-12.356595,-2.316144
/home/arvc/Marcos/TRIPLET_NETWORKS/DATASETS/FRIBURGO/Entrenamiento/TL-A/t1152904921.445913_x-12.105969_y-4.078929_a2.510515.jpeg,8,-12.105969,-4.078929
/home/arvc/Marcos/TRIPLET_NETWORKS/DATASETS/FRIBURGO/Entrenamiento/TL-A/t1152904928.590363_x-12.507209_y-2.919245_a1.628808.jpeg,8,-12.507209,-2.919245
/home/arvc/Marcos/TRIPLET_NETWORKS/DATASETS/FRIBURGO/Entrenamiento/TL-A/t1152904906.144956_x-12.324052_y-2.972018_a-1.992554.jpeg,8,-12.324052,-2.972018
/home/arvc/Marcos/TRIPLET_NETWORKS/DATASETS/FRIBURGO/Entrenamiento/TL-A/t1152904919.405785_x-11.724500_y-4.356765_a1.622156.jpeg,8,-11.7245,-4.356765
/home/arvc/Marcos/TRIPLET_NETWORKS/DATASETS/FRIBURGO/Entrenamiento/TL-A/t1152904929.610422_x-12.511718_y-2.778310_a1.626959.jpeg,8,-12.511718,-2.77831
/home/arvc/Marcos/TRIPLET_NETWORKS/DATASETS/FRIBURGO/Entrenamiento/TL-A/t1152904915.325530_x-12.216432_y-5.001423_a-0.712044.jpeg,8,-12.216432,-5.001423
/home/arvc/Marcos/TRIPLET_NETWORKS/DATASETS/FRIBURGO/Entrenamiento/TL-A/t1152904918.385830_x-11.686296_y-4.598269_a1.041177.jpeg,8,-11.686296,-4.598269
/home/arvc/Marcos/TRIPLET_NETWORKS/DATASETS/FRIBURGO/Entrenamiento/TL-A/t1152904916.345594_x-11.994633_y-4.984682_a-0.149963.jpeg,8,-11.994633,-4.984682
/home/arvc/Marcos/TRIPLET_NETWORKS/DATASETS/FRIBURGO/Entrenamiento/TL-A/t1152904912.265338_x-12.498674_y-4.366856_a-1.582428.jpeg,8,-12.498674,-4.366856
